name,agent,street,city,state,zip,lng,lat
Eric Edwards,67,784 Jennifer Points,Port Jadeview,Tennessee,91021,113.384730,-51.2275345
Ricky Dodson,71,531 Jones Summit Apt. 280,West Kristin,Massachusetts,09576,106.815517,-6.6750255
William Hester,64,600 Julie Vista,Olsonland,Georgia,79372,-141.516703,-19.9837085
Karla Stokes,29,3457 Patel Row,South Autumn,Oregon,31859,-76.179298,77.4737295
Stephen Lloyd,62,646 Murphy Bridge Suite 926,Port Bob,Tennessee,34830,-138.031208,-10.883794
Pamela Lopez,77,166 Taylor Cape,Griffinstad,Tennessee,25978,108.834345,-73.113986
Stephen Vazquez,59,1224 Gonzalez Isle,East Zachary,Nebraska,34109,60.466549,-47.119559
Jeffery Hamilton,72,823 Ramsey Estates,Robertsfurt,Mississippi,32958,-44.128065,8.119747
Justin Cervantes,70,743 Boyle Lake Apt. 759,Port Jonathan,Massachusetts,28149,91.867141,-15.134939
Paul Montgomery,55,139 Tina Fork Suite 056,Wallaceburgh,Texas,36528,2.544406,47.6833035
Angela Little,24,831 David Field,West Nicholasbury,New Hampshire,12909,-82.418148,10.2956505
Caroline Hall,53,340 Steven Dale Suite 990,North Maryview,Iowa,97240,-47.787666,26.5501425
Kyle Scott,33,862 Pena Island,Tinaside,Mississippi,69507,80.042038,-7.741027
Joshua Williams,73,45629 Daniel Neck Suite 296,New Timothyborough,Indiana,02369,-21.838827,-69.010465
Timothy Vega,79,572 Nichols Drive Suite 180,North Benjamin,Colorado,77530,-60.635364,-51.3209665
Jacob Davis,29,5074 Colton Junction,West Stevenside,Colorado,03259,27.373525,19.9149345
Jeffrey Bell,73,699 Barbara Square Apt. 498,East Garrett,Hawaii,24134,-179.359435,5.282455
Christina Mcdaniel,69,39124 Peterson Trail Apt. 893,Estradafort,Utah,27950,-127.363872,48.2142655
Jill Jones,46,8018 Reid Vista,New Christopher,Nebraska,91298,-75.098935,-80.9729155
Theresa Burns,67,313 Jonathan Turnpike Apt. 218,Port Brian,New Jersey,72853,94.349521,-65.570558
Courtney Miller,71,00678 Lisa Spring Suite 764,Lake Joannaview,New Mexico,66113,-128.351646,60.2252185
Kirsten Barrett,80,10000 Michelle Meadow,Hickmanside,Mississippi,38915,-135.222765,-59.888688
Amy Harper,52,601 Renee Wall,South Tanyaton,West Virginia,94911,106.631045,-52.943713
Nathan Franklin,73,587 Baker Drives Suite 510,Amandamouth,North Dakota,49179,27.357734,24.477140
Brandon Webb,72,856 Tammy Mills,Port Teresaton,Ohio,16744,-10.289975,-2.807455
Jimmy Atkinson,64,714 Pugh Vista,East Paul,Minnesota,87956,-120.526299,37.9033085
Michelle Sims,45,4430 Martinez Gateway,Lake Jessica,Minnesota,02097,0.237740,14.1765955
Jordan Romero,20,59753 Reeves Plaza Suite 783,North Emily,Missouri,36127,164.304474,81.7104515
Loretta Macias,69,53153 Bates Cape,Stewartview,Michigan,24308,42.495051,29.3773935
Daniel Mercer,31,9800 Graham Brook Apt. 956,New Matthewmouth,Iowa,65048,-47.993572,-46.853434
Paul Gray,49,52579 Jessica Drives Suite 043,Port Jenny,California,09895,122.609571,-72.242225
James Shepherd,44,376 Thomas Path Suite 914,Port Arthur,Maryland,84200,2.433539,30.0187855
Dawn Wilson,77,15879 Michael Pine,Port Raymondfort,New Jersey,59583,-153.532013,62.504659
Cesar Fernandez,18,160 Price Turnpike Apt. 481,Baileychester,Hawaii,14532,168.261529,24.348940
Laura Miller,64,8603 Blanchard Walk Apt. 511,Lake Robert,Alaska,67466,-123.238421,-79.526070
Michael Black,37,86222 Barry Orchard,West Tanya,Delaware,08157,-131.749398,-1.4814675
Tiffany Gregory,53,3647 Nelson Orchard,North Jessemouth,Tennessee,62873,52.602483,-73.7620035
Tiffany Clark,27,388 Nicholson Bypass Apt. 932,South Jerome,Vermont,49563,-3.869116,-84.8252875
Cassandra Chambers,76,36022 Moore Plaza Apt. 870,Steelechester,West Virginia,93713,-13.527467,-87.568744
Robert Hood,67,244 Adams Mountains Apt. 334,Saundersport,Utah,76554,48.990673,24.783699
Kevin Jimenez,67,097 Ryan Brook,Shawnastad,New Hampshire,59409,-30.466086,20.231276
Phillip Massey,73,773 Andrew Trace,Rebeccahaven,Maine,99719,-13.178528,-18.932120
Nicholas Thompson,31,8632 Thomas Roads,Thomasville,Delaware,78948,-148.028514,-43.513625
Walter Castro,53,524 Hill Rest,Elliottfurt,Indiana,75662,27.354551,-21.057882
Bethany Clark,26,117 Turner Locks,South Wendyberg,Vermont,46842,76.322947,89.694686
Keith Walker Jr.,32,16932 Karen Club Apt. 221,West Timothy,Iowa,38199,58.704708,10.4261075
Brittany Stewart,73,63360 Madison Springs,Grayburgh,Vermont,97739,-14.765971,-21.633523
John Buckley,66,967 Patel Curve,Matthewborough,Alaska,95853,10.844530,49.9132505
Todd Lee,27,2657 Justin Manors,East Nicholeport,Wyoming,75654,19.298071,6.6871165
Shannon Meyer,26,87720 Gordon Manor,Gonzalezton,New Hampshire,79110,111.165150,-19.5351315
Ronnie Ford,43,3099 Nicholas Station Suite 992,South Danielfort,Florida,37968,-57.868245,76.5259115
Shari Hayes,24,504 Gordon Extensions,South Nicholas,Utah,92931,162.315119,-38.406708
Francisco Pennington,41,216 Martin Turnpike Suite 053,East Kevin,Colorado,95039,-149.667845,13.324635
Mary Garcia,42,8488 Werner Parkway,Amandaview,Arizona,66169,-125.582928,-47.758182
James Smith,65,95281 Kevin Isle Suite 814,Port Heather,Illinois,60878,118.032979,23.598644
Lucas Erickson,63,8613 Scott Path,Alexandramouth,Connecticut,66541,-67.016505,-71.291829
Kayla Nelson,77,491 Patton Burgs Suite 942,North Victor,Florida,72076,112.586241,-40.052138
Katherine Lopez,62,2414 Wilson Shoal Suite 364,Tracyborough,Utah,22552,80.695500,51.8414655
Maria Pruitt,34,84687 Wright Well,Lake Laurie,California,28333,-126.490978,28.9172685
Mrs. Kara Ray,29,8446 Peterson Port Suite 377,Zacharyville,Kansas,90543,62.251769,-83.114604
Jennifer Banks,72,3578 Keith Rest Apt. 812,New Alexisville,Oklahoma,14194,-45.188340,-47.929654
Mitchell Ferguson,26,1718 Strong Alley Apt. 071,North Leah,Wisconsin,80666,-30.000237,-26.681404
Karen Garcia,79,183 Jackson Hills Apt. 154,Nicholefort,Alabama,24855,-134.494320,76.1410135
Julie Evans,70,016 Kelly Turnpike Apt. 594,Heatherton,Kansas,95580,-135.776718,-56.657435
Marisa Porter,61,331 Beltran Cape,Robertsmouth,Arizona,98715,110.494227,39.3680875
Tina Fowler,80,96630 Lisa Forks Suite 909,Maybury,Arizona,98498,4.296341,-41.6008565
Leah Meyer,39,8656 Wayne Mews,Port Anthony,Delaware,18038,56.414690,11.7800295
Victoria Morales,74,551 Berger Freeway,Laurahaven,Connecticut,73307,87.739210,-17.696284
Alexandria Smith,75,1086 Stephanie Hill,Dyerfurt,Oklahoma,99771,-54.763205,7.9982255
Anthony Perry,51,51038 Hayes Square Suite 469,Patriciaport,Delaware,25437,-64.705609,53.1019055
Amanda Adams,53,02380 Ronnie Ranch,Frostville,North Carolina,25240,-99.952823,-26.085333
Julie Bird,58,09539 Jordan Spring,Cooperbury,Texas,98605,-75.697009,48.2180415
Marcus Lamb,24,21117 Joshua Mall Suite 432,Burnsville,New Hampshire,19914,2.222489,76.1333215
Clinton Velez,64,0824 Hall Corner,Jamieside,Arizona,07295,105.044227,11.9405215
Jeff Dunn,29,84488 Tyrone Tunnel,Danielburgh,Hawaii,71035,121.778751,-55.972725
Samantha Thomas,35,23915 Timothy Keys Suite 792,Brentberg,South Carolina,67198,-8.338081,4.080204
Marcia Cruz,68,569 Gary Lane Apt. 838,South Stephaniemouth,New Mexico,68632,-59.354829,88.826937
Erica Hunter,57,2587 Natalie Tunnel Apt. 970,Hullchester,Iowa,56381,-96.364765,-16.6616565
Scott Campbell,26,07228 Wayne Circles,Christopherville,Tennessee,02879,36.994394,30.744610
Frank Anderson,45,08602 Steven Estates,Port Donna,Oregon,40285,-169.227866,23.9754835
Andrea Harris,75,122 Espinoza Oval Suite 699,East Patricktown,Nebraska,04707,-23.943892,67.384884
Valerie Long,31,4166 Jennifer Port Apt. 752,East Jessica,Pennsylvania,27918,-61.605785,-44.304852
Eric Johnson,25,91087 Young Hills Apt. 570,Lake Jonathanfort,Maine,22273,-166.367487,1.2299635
Sean Murphy,75,2215 Erik Grove Suite 476,East Laurenmouth,Wyoming,94906,66.465942,-23.2629705
William Jennings,75,909 Sharon Skyway,Nelsonberg,Maine,37372,31.183159,14.707622
Ashley Martin,80,48527 David Mission Apt. 192,Kellerland,Florida,45416,-20.315954,65.630061
Austin Grant,30,92052 Flores Flat Apt. 351,West James,Montana,01414,-141.820963,-45.6354245
Joseph Taylor,59,08705 Harrison Wells,Jimmyberg,Mississippi,82875,53.305524,19.7696115
Veronica Mccoy,33,03887 Osborn Flat Suite 548,Curtistown,Wisconsin,72151,46.349903,0.986726
Rhonda Kennedy,26,36627 Heidi Brook,Hickschester,Minnesota,30173,-134.384362,-2.3087515
Lisa Williams,36,6714 Angel Brooks,Edwardsmouth,Oklahoma,59607,68.637526,-57.3538425
Stephanie Parker,37,20481 Turner Inlet,Kevinland,Kentucky,35116,-141.576271,69.614550
Kenneth Martinez,56,29843 Thomas Drives,Whiteville,Montana,32022,-172.848777,-34.381696
Madison Owens,59,2177 Mark Walks Apt. 225,New Craig,Oklahoma,61508,-175.465611,41.9622045
Lindsay Chandler,38,3011 Kimberly Expressway,Victoriaborough,Indiana,60743,88.156490,80.6032145
Dawn Valdez,75,6671 Hickman Hills Apt. 414,Joelfurt,Maine,69902,-68.747780,1.248606
Kathleen Anderson,55,792 Mccoy Manor Apt. 549,Claudiaton,California,35986,-137.259843,5.787561
Alyssa Nichols,46,27692 Morgan Manors Suite 179,North Angela,Nebraska,53989,94.956532,-14.911290
Andrea Pearson,62,792 Chapman Roads Apt. 909,Taylorfurt,New Mexico,92803,10.850481,-59.3132215
Jeffrey Bond,21,4060 Ross Flats,North Andrewland,Connecticut,24706,-85.746964,-29.895728
Jessica Cole,67,54408 Dennis Bypass Suite 205,North Sarahport,Arkansas,58065,97.344816,65.328865
Kelly Clark,37,594 Martinez Isle Suite 154,New Drewview,West Virginia,11038,154.006838,-59.1302435
Troy Marshall,38,916 Chen Fall,West Ryan,New Jersey,40917,73.442670,84.938778
Nathan Ellison,32,5143 Bass Dale,Barrytown,Maine,30364,-152.931410,60.478985
Samantha Townsend,75,782 Johnson Mills Suite 857,Jesusstad,Texas,21910,-18.857377,21.4713735
Noah Smith,27,99047 Gina Cape,Jacksonfurt,Kentucky,66353,-94.484000,-23.1229275
Deborah Walker,23,833 West Run,North James,Virginia,55312,84.663720,-54.944948
Kendra Decker,29,152 Smith Flat,Shanemouth,Tennessee,77292,-73.918656,69.1246485
Gregory Baldwin,65,16491 Joshua Drive,Jenniferburgh,Nebraska,16562,-80.166437,21.7224965
Lynn Anderson,44,488 Mcclain Run Suite 951,Huberberg,Missouri,17564,59.227823,-62.5578795
Beth Rivera,76,016 Anthony Hills,New Christinaland,Indiana,76858,91.663582,-74.8939015
Ashley Moore,79,682 Mccormick Ford,Joneston,Minnesota,80778,130.145124,21.3408145
Cheyenne Price,33,99128 Alan Burg,East Dakotaborough,South Carolina,99767,-95.942029,63.2862565
Lauren Saunders,44,273 Dixon Curve,Lake Steven,Colorado,53640,-154.273600,84.0076935
Bryan Grant,70,9237 Wells Fort Suite 428,East Edward,Oregon,32304,-129.093005,62.532885
Karen Jackson,21,294 Kelley Tunnel,Lake Peter,Arkansas,30919,-112.490722,-53.8012145
Michelle Hubbard,58,108 Lorraine Path,Cranehaven,Mississippi,93115,-59.686362,-3.120517
Nicholas Baker,38,45867 Jeanette Forge Apt. 723,New Charles,Tennessee,26827,-56.282899,-61.843851
Kaitlin Browning,27,1691 Stacey Drives,Hudsonmouth,Delaware,53559,61.530557,-41.934084
Shawn Solomon,21,318 White Mill,Abigailport,Pennsylvania,64917,13.745819,-43.8683015
Victor Taylor,22,530 Brown Crest Apt. 571,New Elijah,Louisiana,62022,130.180846,-67.670615
Jessica Gonzalez,51,1770 Lisa Union,Leeland,Louisiana,07299,-80.549346,-52.5789495
Katrina Garcia,44,5210 Erickson Wall Apt. 190,Salazarside,Ohio,80510,38.455821,1.7215785
Edward Johnson,24,9120 Clark Locks Suite 759,Port Territown,Wisconsin,61948,-120.774775,15.440479
Kristen Quinn,40,77718 Colleen Expressway,Ortegashire,Illinois,04912,-147.848002,38.8779695
Sarah Cannon,37,63693 Ball Locks,Edwardsstad,Alabama,71527,-9.018567,-9.4709505
Lisa Coleman,72,270 Kaufman Place,Juliemouth,New Mexico,58638,84.841504,-38.6473035
William Jacobs,34,49833 Gene Way,North Benjamin,West Virginia,68389,169.505655,-49.094045
Andrew Jackson,66,3295 Vanessa Meadow,North Juliastad,New York,80398,109.269160,-88.0933935
Heather Wiggins,43,1800 Lisa Plaza,Sarahchester,Alabama,87679,-171.812462,82.685703
Daniel Fisher,35,02051 Julia Terrace,Lake Jamesside,Alabama,44599,122.538721,50.293358
Alexander Garcia,64,56175 Wilson Parkways Suite 263,Emmaview,Michigan,38956,32.150548,-53.7692555
Mark Harris,61,7472 Scott Lane Suite 727,East Aaron,West Virginia,95842,95.740084,6.5408945
Sandra Hernandez,39,4617 Curtis Islands Apt. 449,Cooperchester,Wisconsin,67981,-26.024561,29.384480
Laurie Wilson MD,75,3752 Moreno Course Suite 606,North Harold,Kentucky,73440,-167.247419,-55.5671385
Erin Johnson,26,32014 Mitchell Lodge Suite 472,Amyborough,Utah,19114,166.051968,-17.0193245
Travis Paul,31,501 James Isle,Saraport,Virginia,13576,-81.004315,11.095660
Michelle Hanson,19,0549 Dean Mission,Port Lucas,West Virginia,24936,-78.086126,-65.5290385
John Buckley,77,64960 Molina Underpass Suite 202,East Stephen,Connecticut,06678,-120.151078,6.7812025
Timothy Gamble,47,5163 Jacob Alley Apt. 898,West Matthewhaven,Hawaii,34664,-148.326369,-62.498028
Brian Simpson,46,9228 Erica Street Suite 567,Bradleyport,Oklahoma,72566,-160.631033,-85.6593345
Katrina Castro,73,43832 Brian Gardens Suite 166,West Michaelfurt,West Virginia,20457,-85.245053,8.870877
Daniel Arellano,80,2966 Patterson Ridges Apt. 702,West Elizabeth,Idaho,20460,59.287256,-88.340242
Nicole Gonzales PhD,62,296 Nicole Vista Apt. 919,South Ashleyburgh,North Carolina,73257,-149.791586,-11.9370015
Alexis Bryant,46,2775 Burke Islands Apt. 728,Williamstad,Missouri,57450,-8.841111,16.5306895
Courtney Mendoza,28,2180 Aaron Heights Suite 899,Michaeltown,Washington,81343,16.490313,-6.2658455
Jordan Hurley,21,765 Rose Stream,New Kaylee,Connecticut,45835,-140.568827,-9.9390945
Sarah Rivera,44,351 Morales Row,South Vanessaside,Virginia,42880,-8.537892,59.8406565
Grace Wilson,75,538 Justin Greens Apt. 383,Lake James,Indiana,85684,131.647807,-42.3270255
Robert Dickerson,44,46761 Colin Plains,Stanleyburgh,Hawaii,42268,20.038943,78.380453
Stephen Hernandez,30,21806 Love Tunnel,Alishafort,Utah,64574,-76.426279,-73.9568005
Kenneth Wood,55,1765 Johnson Flat,South Kirk,Kansas,11399,-127.775202,38.9207035
Joseph Holt,68,2275 Rachel Hollow Suite 026,Port Joshuachester,Nevada,68504,133.425625,-36.731177
Barbara Hammond,39,221 Lewis Creek,Stacyfurt,Ohio,42691,-153.738181,-63.5126785
John Alvarez MD,64,590 Michael Dale,Lake Jordan,Pennsylvania,81558,-122.195127,24.551555
Dr. Jenny Lee,40,512 Reese Manors,West Laurie,North Dakota,27939,1.782430,59.1945925
Robin Williams,28,5965 Stephanie Springs Apt. 182,Christinaside,Colorado,85810,-141.644580,-74.7110045
Charles Kim,23,480 Hardin Fords,Weaverview,Delaware,45634,120.031588,56.1404045
Elizabeth Carter,48,85551 Gerald Circle Apt. 567,East Wendyside,Idaho,02276,-115.856555,-38.2511525
Frances Cunningham,48,0620 Deborah Overpass Apt. 916,North Jessica,West Virginia,44798,112.918857,23.360339
Valerie Kelly,73,21298 Bryan Plaza,West Janiceshire,New York,94806,131.748959,28.5913645
Terry Thompson,51,4803 Sherry Street Apt. 822,Jonestown,Florida,47131,-137.152532,13.627524
Annette Durham,45,57820 Margaret Mall Suite 848,West Alec,Kentucky,76909,65.545022,17.0783505
Barbara Garner,57,00223 Roger Avenue Suite 403,South Kim,Pennsylvania,17623,129.633738,-37.7803095
Craig Forbes,37,59222 Hodge Landing Suite 985,West Georgeview,Kansas,01752,-66.450029,1.8080055
Joseph Dalton,49,767 Derrick Turnpike Suite 204,Port Brenda,South Carolina,35765,79.935323,59.4623675
Jason Wood,77,3555 Ortiz Trace,Port Bryanbury,Arkansas,74346,-109.563368,-75.322244
Ryan Johnson,27,802 Mason Camp,Richardburgh,Georgia,38788,-167.005039,-29.0582025
Richard Hudson,56,912 Harris Fords Suite 755,South Kellystad,Florida,34318,-91.163357,19.148545
Michael Moore Jr.,39,758 Webb Crescent,Brownland,Utah,52247,173.218173,20.827437
Jessica Boone,18,268 Christopher Oval,Rodriguezstad,Alabama,11960,-17.424779,-14.661605
Jeffery Weiss,78,362 Joshua Extensions Suite 028,Port Anthonyfurt,South Dakota,15506,-15.302651,-78.1637475
Carly Stewart,60,79403 Kenneth Ports Suite 082,South Christopher,Nebraska,85304,-73.484031,-56.836539
Julie Smith,29,8743 Cynthia Crescent,Angelafort,Maryland,31574,76.247169,-39.8580605
David Logan,37,83536 Richard Islands,Simmonsshire,Oklahoma,65384,-132.392042,-57.937830
Alexander Pierce,41,503 Thomas Villages,Padillafort,Rhode Island,90705,-26.451404,72.260242
Shannon Miles,23,0118 Henderson Port Suite 007,Davidport,New York,97535,116.585968,-82.365312
Kristie Krueger,75,1939 Sandra Ranch Suite 707,East Jasonfort,Louisiana,15056,-144.801317,-62.072963
Katherine Le,62,5422 David Stream Apt. 971,Davidton,Ohio,15419,-126.805966,-61.9294505
Mrs. Felicia Castro MD,55,18214 Wendy Overpass Suite 800,Lake Tyler,New Jersey,86367,-47.827437,-86.424118
Jillian Preston,61,82917 Edward Mount Apt. 670,New David,Oklahoma,30346,-43.819344,21.852834
Johnny Freeman,27,9519 Angela Flat,North Tammy,Pennsylvania,71035,115.821975,54.0740745
Ashlee Moore,23,6429 Murphy Brook,South Timothyborough,Florida,12458,87.586115,-63.9556105
James Rivera,54,894 Moore Stream,South Nicholasville,Alaska,29601,144.409333,-19.9972815
Monique Rogers,43,78292 Flores Corners,Patriciatown,New Jersey,56650,65.016733,2.726504
Abigail Moore,55,641 Wallace Locks Suite 933,South Anna,Colorado,91586,-49.487004,78.338774
Janet Johnson,23,975 Kimberly Freeway Suite 567,Hendersonfort,Delaware,34743,-59.566183,32.451626
Jeffery Payne,55,17572 Ray Isle Apt. 417,Lewisside,Iowa,99507,-159.892894,30.3624465
Casey Butler,20,65012 Patel Port,Tammyfort,South Dakota,11194,112.384932,-80.9650145
Jennifer Davis,77,772 Brooks Road,Lake Charles,Kentucky,50159,29.050636,-2.3063405
Krystal Hicks,24,91005 Christopher Fords Suite 596,Gabrielastad,New Jersey,33593,141.424204,-21.520033
Christopher Brewer,20,810 Wilson Squares Apt. 705,Lake Debbie,South Dakota,65237,163.609595,-58.4819405
Karl Harrison,67,66349 Brandon Roads,West Cynthia,Missouri,09522,64.247946,-47.5367725
Jessica Hughes,44,257 Foster Motorway Apt. 885,Bryantfurt,Missouri,65132,10.821670,-52.3381885
Joseph Boyer,60,853 Megan Plains Apt. 697,Acostashire,Indiana,45335,-74.430006,21.090509
Tammy Cooper MD,80,027 Victoria Crossing Suite 943,Charlesfurt,Virginia,24672,-108.829056,-22.0793895
Colin Stevenson,54,583 Barnes Crossing,Port Brian,Connecticut,61392,174.508384,-24.820414
Paul Smith,36,221 Moore Freeway,Chavezmouth,South Dakota,62623,41.946185,72.9707815
Rebecca Jacobs,26,91993 Kelly Ville Apt. 045,Lake Robyntown,Connecticut,29878,50.842274,13.126921
Jennifer Sanders,41,162 Levy Pine Suite 044,Taylorchester,Mississippi,79271,-168.871544,-19.4441665
Tiffany Schaefer,34,5881 Martin Forest Suite 037,Kellyport,Minnesota,28710,-45.210769,28.1299305
Austin Collins,76,16657 Smith Corners Apt. 181,Lake Karenview,Colorado,38114,167.471230,33.619648
Cheyenne Gonzales,42,437 Gray Forge,North Patricia,Kansas,60583,-13.942346,-76.1958645
Andrew Smith,59,66523 Matthew Via,Jamietown,Arizona,74455,-5.564063,60.2784365
Scott Carroll,54,0692 Riley Rue Suite 597,Moraland,Nebraska,91262,84.665515,73.629008
James Robinson,66,5359 Fletcher Ferry Suite 183,Youngmouth,Idaho,99859,20.386069,1.9563255
Kristy Alvarez,53,8949 Gilmore Overpass,Fordville,Massachusetts,23625,63.035847,52.027835
Ross Jackson,72,180 Nicole Fork,Jamesburgh,Utah,20791,67.575248,-28.060321
Mary Diaz,29,4551 Snyder Cape Apt. 767,Thorntonborough,Nebraska,91178,-106.049123,72.8079515
Sandra Price,28,787 Miller Pine Apt. 144,Lake Kayla,South Carolina,06642,66.316538,-22.415098
Raymond Davenport,69,97351 Timothy Plaza,East Mark,Oregon,32147,-14.703673,-84.8931815
Brian Carter,55,04148 Perez Courts Apt. 737,Rowlandmouth,Pennsylvania,45248,103.803054,69.002157
Eric Silva,63,6368 Roach Gateway Suite 164,Patriciafort,Massachusetts,57411,146.593161,39.501402
Greg Padilla,26,04768 Beck Station,Port Brian,Nevada,66078,177.814614,3.301146
Herbert Wade,19,8996 Christian Parks Suite 465,Lake Carolynview,Iowa,02835,-124.744965,-21.611567
Kimberly Chambers,25,44655 Carroll Point,Brittneyborough,Florida,71699,-143.602151,-1.047704
Jesse Leon,66,9660 David Ranch,Jessetown,West Virginia,81375,93.816600,-29.771439
Jamie Diaz,29,4802 Perry Lane Suite 088,Melissamouth,Connecticut,74375,-89.472185,-69.129978
Melissa Hodges,78,9994 Amanda Cove Apt. 525,South Jenniferside,Louisiana,49480,-164.501510,-25.8030525
Matthew Craig,36,851 Silva Isle,Lake Christopher,Kansas,11410,-148.707449,-45.030488
Jill Jones,39,672 Robert Ridge Apt. 683,Lake Antonio,Massachusetts,46994,55.866943,-58.5360375
Donald Ortiz,52,9435 Clark Crest Apt. 924,Lake Jaimehaven,Wisconsin,11505,150.775685,74.0043995
David Sanders,79,089 Turner River,Susanton,Minnesota,72893,-9.701996,-81.7731715
Claire Johnson,35,4771 Tyler Flat,Smithview,Maryland,19584,-90.028795,-15.0149165
Krista Ramos,34,960 Hannah Spring,West Lisa,Georgia,86769,-134.581543,-72.5459155
Michael Ward,39,93755 Atkins Rue,West Barbara,Nebraska,36121,-68.092223,-50.2937105
Victoria Boyd,31,0513 Crawford Grove Apt. 498,Bruceberg,Montana,22182,48.324414,-67.765210
Joshua Morgan,60,248 Barbara Green Suite 179,West Drew,South Dakota,45391,176.441363,89.042200
Kelly Smith,54,98112 Cynthia Drives,Lake Lisa,Minnesota,63019,-84.361025,62.3665195
William Barnes,80,6588 Raymond Divide Apt. 451,Christineberg,Nevada,76540,26.725058,63.8719615
Ann Nguyen,28,15320 Jose Drive Apt. 487,New Adam,Arkansas,66316,-162.106724,6.4320895
Carrie Sellers,53,9950 Davis Pass Apt. 218,Valentinechester,Texas,44203,166.326778,74.7680705
David Miller,61,41317 Bradley Ford,North Kimberly,Montana,08622,-42.011735,6.062053
Margaret Pope,20,40558 Deborah Shoals,Amyberg,Massachusetts,97801,61.688575,-67.4680065
Joe Santiago,61,1018 Janet Canyon,North David,Montana,78670,4.739615,-69.3139775
Robert Jones,38,1528 Anderson Ports Apt. 175,Melissaside,Idaho,98507,16.818510,18.066599
Gregory Hinton,70,3485 Jacob Road Apt. 237,West Jerry,Nevada,55519,-160.033068,83.998292
Christopher Scott,53,3251 David Springs,North Marthabury,Hawaii,58070,177.746444,6.8463135
Marisa Stokes,80,54825 Brian Pine Apt. 190,Jermainetown,California,41432,-107.187101,89.8945735
David Hawkins,48,529 Cox Point Suite 516,Anthonyside,Nevada,84458,-12.034313,40.6078035
Amanda Barnes,58,829 Turner Port Apt. 942,Beckerfort,Arizona,13515,25.683078,46.330414
Veronica Anderson,31,945 Andrea Summit,Nicolehaven,New Mexico,16724,19.343879,-27.2626595
Robert Johnston,77,1435 Tanya Extensions Apt. 322,Jessestad,Vermont,12372,-105.009924,46.4726545
Andrew Boyle,67,859 Watkins Common Suite 429,South Thomas,Alabama,01349,-118.190254,-86.0237575
Carol Roth,57,49687 Rodriguez Inlet Suite 051,Williamtown,Georgia,21920,-47.744853,-58.3136055
Courtney Mcclain,69,76234 Joseph Roads Apt. 106,Morenoborough,Montana,82812,14.671772,-62.9864055
Melanie Good,46,247 Reese Glen Suite 126,East James,Wisconsin,59580,27.061758,-69.6940825
Michael Fowler,72,8716 Webb View,Matthewberg,Idaho,87609,-24.869094,54.0864765
Traci Johnson,73,14471 Olivia Camp,East Paulland,Connecticut,56254,-67.266298,-64.3836535
Mark Wise,38,776 Mary Plains Suite 611,Maryland,Missouri,00907,-1.732195,-15.486038
Jaime Henderson,48,278 Christopher Stravenue Apt. 387,Abbottfort,Massachusetts,91078,93.087195,-9.573254
Larry Lee,68,666 Williams Plaza Apt. 272,Bryanport,North Dakota,71020,-113.706894,87.1929115
David Evans,36,250 Debra Roads Suite 302,Erikhaven,Nevada,70942,37.722724,27.9516025
Kevin Ferguson,19,4268 Phillip Dale Apt. 652,Wilsonland,Nevada,43977,179.930302,-59.487358
Karen Ruiz,56,72175 Lyons Meadows Suite 934,Lake Matthewstad,Colorado,12218,-73.652123,88.5664655
Lisa Coleman,21,6732 Gilbert Street Apt. 470,Christensenhaven,Idaho,97860,-98.619323,-50.3418865
Shelia Kim,48,8218 Valerie Turnpike,South Shannonmouth,Virginia,47106,33.639288,-16.460494
Laura Wells,47,51648 Christine Causeway Suite 760,Sotoburgh,South Dakota,58579,52.527224,60.549834
William Harris,47,596 Scott Courts Apt. 767,South Brendanview,New Mexico,28225,63.647678,-74.583540
Michelle Murphy,22,619 Stephen Mall Apt. 734,North Jeremy,South Dakota,93328,72.160794,11.138745
Edward Caldwell,72,6951 Morton Stream Apt. 719,South Shawn,Maryland,76286,167.840556,11.7660545
Jacob Turner,72,16588 Brown Ways,West Melanie,Arizona,10885,-163.371172,-60.7868655
Karen Lee,30,626 Walter Walks Apt. 918,Marystad,Texas,17014,-145.336432,-71.348929
Michelle Braun,62,7658 Madison Lights Suite 005,West Andrea,Kansas,72104,42.448340,-77.5550985
Ronald Mccormick,27,510 Roger Overpass Suite 660,Lake Jonathanchester,Pennsylvania,54683,-84.258902,43.0000005
Jason Hughes,47,7913 Bender Lane,Jessicachester,Michigan,89942,61.542535,-0.882894
Dawn Thompson,48,69139 Kelly Square Suite 561,Port Tylerfurt,Tennessee,57710,-135.211616,-29.476489
John Powell,50,095 Michelle Vista Suite 735,West Heatherchester,Montana,53408,-41.241549,28.770063
Steven Walker,41,40712 Jessica Greens Suite 274,East Amy,Wyoming,90910,16.381063,45.564333
Charles Brooks,75,437 David Throughway Suite 854,Port Joyce,Colorado,88691,40.551799,33.5023585
Kevin Martin,32,45305 Heath Manor Suite 971,West Robert,Virginia,16606,-35.113930,-55.741683
Andrew Sanders,77,7762 Stevens Fall,Williamsberg,Indiana,89850,83.477898,18.6768515
Erik Tucker,55,8724 Barbara Turnpike Suite 458,Shannontown,Arkansas,65128,38.075296,-17.7160945
Robert Tucker,69,1739 Hicks Crest Suite 395,Jeffersonmouth,Tennessee,15181,-125.665867,-44.0192025
Tiffany Hughes,79,8229 Brennan Meadows Suite 179,Port Amytown,Vermont,30849,-90.442107,-10.2740385
Chad Baker,73,82626 Sandra Rest,South Michael,Alaska,33442,148.130461,71.2001575
Christopher Schneider,25,931 Herrera Crest Apt. 022,Abbottport,Missouri,47774,-87.474352,-56.9987145
Eric Brown,75,10438 Reyes Oval,Powellport,New Mexico,86512,-106.577257,39.011373
Thomas Shaw,29,696 Miller Divide,Browntown,Arizona,46554,-168.684539,21.0836775
Taylor Sandoval,60,676 Holmes Ports Apt. 556,Lake Holly,Michigan,56341,-6.751610,-29.6847985
Robert Park,60,58744 Katie Park,Meagantown,Kentucky,50880,-68.569096,-12.3009465
Judy Martin,57,27809 Richard Tunnel,West Richardville,Nevada,40161,173.355788,-52.296836
Alison Mora,63,18323 White Road,New Jennifer,Alabama,49966,-55.624553,-74.553797
Natasha Becker,67,388 Ellen Isle,Albertborough,Illinois,94299,175.472223,34.874250
Christopher Beard,27,472 Waller Locks Suite 964,Williamfort,Florida,69400,143.783520,-61.2803605
Roger Stewart,72,94959 Walsh Knoll,East Robert,Florida,69068,85.061265,60.854046
Priscilla Pace,58,90800 Rodriguez Tunnel,Kristenhaven,Vermont,16061,-34.897542,-33.951071
Tyler Clark,51,23224 Brian Road Apt. 133,Browningberg,North Dakota,61292,-80.700246,-60.802534
Jillian Parker,35,7942 Tyler Street,South Taylor,Vermont,21932,-120.761227,-52.8361815
Elizabeth Knox PhD,32,82250 Alexis Plaza Suite 166,Port Susan,Minnesota,17330,-28.368804,66.8018225
Amanda Fox,30,68294 William Dale,Port Jamieville,New York,23202,-57.502854,86.3909095
Samantha Duncan,29,759 Paula Spur,Millerfurt,New Hampshire,64336,160.008461,33.5403205
Edwin Brown,67,24266 Brandon Ridges,Smithtown,South Dakota,65040,32.085907,-46.404201
Jenna Johnson,34,16192 Carrillo Stream,Sheppardview,Montana,06595,52.581801,52.336560
Robert Tran,33,36764 Shawn Fields,Melendezmouth,Maine,80578,-48.621807,-9.006085
Erica Howard,80,9808 Lee Square,Floresborough,Arkansas,42340,75.061440,37.261306
Michael Atkinson,40,3485 Rodriguez Plaza,Catherineborough,Missouri,50031,27.980287,44.279200
Arthur Parker,54,715 James Place,Haleyland,New Jersey,31729,102.480043,39.2795895
John Page,74,327 Castro Fort,Brownmouth,Maine,57245,4.107485,84.160927
William Cervantes,72,9228 Johnson Key,Scottberg,Louisiana,97887,168.812128,39.989345
Brady Davis,28,835 Howard Knolls,Marvinstad,Montana,74049,-81.535328,-45.947010
Brandon Perez,40,279 Jeffrey Wells Apt. 875,East Amy,Connecticut,37412,-60.205556,-34.160223
Alejandro Perkins,20,4838 Williams Mission Suite 922,East Jennifer,Alaska,58132,-128.934423,81.7491135
Cassandra Christian,18,43697 Teresa Prairie Suite 744,Josephview,Hawaii,54762,129.448884,5.330885
David Randall,53,208 Sims Haven,Dylanmouth,Arkansas,98751,-90.182119,16.1055785
Cory Wu,60,07523 Chavez Rapid Suite 569,East Gabrielside,Georgia,09212,94.637080,-60.022156
Thomas Phillips,80,9624 Stevens Road Suite 793,Jeremyfurt,Vermont,93669,-9.495886,-28.832404
Robert Bowman,75,35237 Ruben Creek,New Joseport,North Dakota,11051,33.617347,-42.0962195
Carol Miller,45,934 Rivera Row Suite 772,Travisfurt,North Dakota,74018,-19.905482,-63.3054535
Jerome White,73,901 Alejandro Branch,Brucefurt,Mississippi,88596,76.995866,35.0071385
Jason Andrews,33,358 Patterson Island Apt. 196,Derekborough,Minnesota,32167,-12.499899,25.7189015
Jeffrey Nelson,39,48054 Pham Village,North Anita,Michigan,89060,21.432627,-30.2536565
Robert Williams,78,57997 Lewis Dam,North Michael,New Mexico,95565,41.604156,75.037779
Kent Sharp,25,5307 Donald Streets Suite 961,Leslieshire,Minnesota,15310,-64.412324,86.5176675
Emily Little,77,7173 Bowers Loaf Suite 217,Port Tracey,Delaware,76887,-101.637070,-43.6907565
Patrick Gutierrez,24,786 Willis Landing,East Petertown,Hawaii,55838,-45.139960,-23.697693
Andrew Reynolds,41,64191 Joseph Lights,New Tyler,Connecticut,92565,-24.085081,6.0194905
Dawn Vaughan,19,16143 Michelle Road,Jenniferbury,Kansas,97053,-99.119967,36.563559
Emily Patel,45,0039 Rebecca Creek,Lake Elizabethton,Kansas,27495,-107.315098,10.866565
Cynthia Fletcher,37,8307 Jason Unions Suite 405,Andreatown,Hawaii,78570,-128.632624,-31.710737
Andrew Jenkins,41,366 Nguyen Ridges Suite 589,Murrayland,Washington,10221,-147.139053,-14.7213125
Amanda Wright,49,98997 Hill Ways Suite 401,North Elizabethton,Oklahoma,72722,160.767311,16.0019925
Christopher Castro,28,3765 Rios Heights Apt. 691,New Caitlin,Louisiana,07983,65.625524,-6.080645
Sheila Galvan,56,1176 Harrell Forest,North Richard,South Carolina,96131,-133.778237,-26.879366
Cynthia Meyers,51,301 Desiree Lights,Stewartburgh,Rhode Island,24050,169.918029,-30.0283915
Taylor Cohen,38,662 Hill Locks Apt. 178,South Robertburgh,Iowa,31602,-7.244153,67.008004
Jade Gibson,51,1201 Chambers Isle Suite 124,New Johnburgh,Vermont,83749,53.189277,18.698474
Sandra Leonard,67,965 King Isle Suite 433,Englishburgh,Maryland,43487,-97.796401,6.2648095
Gregory Webb,59,70745 Jimenez Union Suite 857,Port Brooketown,Alabama,28869,126.725043,39.3629385
Catherine Schneider,44,8839 Wilson Turnpike,Clarkberg,Kansas,40545,147.062038,-63.347590
Lisa Higgins,70,294 Courtney Meadow Apt. 996,Jeffreymouth,Massachusetts,49934,54.858070,0.848431
Anthony Powell,33,08008 Lauren Extension,Rosebury,West Virginia,31058,-127.487973,6.1603015
Manuel Mullins,44,1179 Thompson Cliffs Apt. 344,North Heathermouth,Pennsylvania,72391,45.126835,-23.0733315
David Hart,70,9934 Lisa Squares,East Janetton,Arizona,82375,34.934207,-70.6969205
Trevor Kaufman,29,95626 Patricia Harbors,Aguilarstad,Kansas,82468,-15.735042,68.260587
Heather Gonzalez,73,79667 Sarah Parkway Apt. 489,Phillipshaven,Vermont,26502,43.778283,-40.290370
Samuel Bailey,77,347 Hannah Burgs,Kimberlymouth,Mississippi,45734,-0.619549,0.658604
Colin Prince,20,3181 Scott Curve,Johnsonstad,Iowa,15255,100.602662,29.137921
Victoria Williams,62,06204 Pratt Prairie,Justinfurt,South Dakota,30062,30.897502,-17.7054165
Rachel Simmons,78,546 Nicole Land,Powersshire,Idaho,06659,60.233689,-39.4040565
Gerald Peters,55,6475 Jonathan Brooks Suite 837,Kelleyport,Missouri,95939,27.833948,12.1456985
Taylor Green,48,5056 Dunn Crossroad Apt. 431,Michaelview,Massachusetts,62356,-139.881752,-50.0099315
Kathleen Molina,50,120 Carpenter Rest,Ruizfort,Ohio,10341,43.100487,11.611029
Zachary Marquez,42,711 Howard Pike Apt. 345,Pricebury,Maine,66333,-100.331351,73.096636
Jeffrey Conley,43,333 Brandon Mill Apt. 622,Perezport,Montana,95649,167.629677,-86.1499885
Kathleen Ferguson,78,744 Kimberly Club Suite 703,Collinsstad,Tennessee,67160,-107.075325,-30.584346
Justin Lewis,24,1068 Christopher Summit Apt. 502,Simonland,Rhode Island,64029,155.937584,-83.638020
Michael Turner,57,01697 Kaufman Wall,Patriciaville,Maine,76041,-16.144037,0.7753225
Mary Maldonado,39,5101 Reynolds Landing Apt. 429,New Ariel,Massachusetts,33737,41.601958,-5.337934
James Olsen,29,2676 Robert Land Apt. 369,North Oliviafurt,Hawaii,59276,-45.328088,74.6881515
David Roberts,54,04078 Nicholas Lodge,New Robertberg,Arizona,09633,29.341005,-65.643099
Jonathan Gray,29,677 Kimberly Green,Hannahberg,Arkansas,36338,51.032265,-89.262896
Heather Leon,62,418 Hill Prairie,Lake Jacqueline,California,44478,-33.241424,52.3937675
Gary Jenkins,24,4417 Zamora Drive,New Benjamin,Alabama,90611,100.986850,55.9400365
Gail Beard,36,779 Karen Cove,West Sherri,Colorado,86346,22.394858,88.336197
Rebecca Contreras,66,556 Mendez Villages Suite 389,Wigginshaven,Utah,85015,1.976343,30.9928925
Rebecca Warren,74,660 Patel Terrace,South Amandatown,Connecticut,03807,49.483663,-47.784752
James Walker,43,04052 Greer Square Apt. 265,Greenville,Arkansas,34135,-19.295179,23.5760285
Kyle Sutton,27,3486 Clark Mill Suite 446,Lake Christina,Delaware,63266,47.490641,-30.8913915
Julie Lee,18,34166 Robin Village,Sanchezbury,Mississippi,25512,-51.644364,-81.680024
Lisa Sanchez,69,6295 Thompson Highway Suite 129,North Christopher,South Dakota,72842,-129.580399,72.380266
Carla Watkins,44,6197 Bell Manors Apt. 187,West Jennifer,Minnesota,98666,-170.966483,-77.721359
Daniel Lynn,21,665 Singh Station,North Alanchester,Missouri,90997,120.410905,-38.7684225
Adam Harris,79,084 Sullivan Spur Apt. 395,Owensport,California,06702,-71.717990,22.1134515
Jennifer Knight,42,1427 Gregory Underpass Suite 869,Lake Albert,Louisiana,12600,79.165772,-62.3768275
James Phelps,30,25976 Wise Field Apt. 458,Lake Richard,Arkansas,48347,80.313701,-65.1641405
Carla Smith,33,7379 Courtney Creek Apt. 120,Stephensburgh,Kansas,20277,-179.064403,41.3710745
Holly Mcknight,58,43788 Jonathan Pines Apt. 189,Port Christopherland,Pennsylvania,91483,129.365217,-71.052121
Kim Pena,57,865 Patrick Parks,South Jason,Delaware,46788,96.234678,58.3438155
Derrick Lee,65,7860 Griffin Manor,South Patrick,Tennessee,03475,87.000849,8.3105715
Carolyn Gray,27,162 Yang Station,Smithton,Louisiana,67037,11.788716,-70.0757335
Cindy Tucker,19,365 Bruce Freeway Suite 025,New Oscartown,Indiana,76118,-40.814121,15.246525
Marissa Jones,59,07318 Brenda Road Apt. 387,Port Michael,Kentucky,70257,-152.285277,56.5420385
Denise Trevino,26,1862 Gonzalez Crossing Apt. 058,North Michele,Washington,06585,16.751650,-4.1169365
Derrick Wright,40,5964 Jenkins Lane,West Michaelstad,Kansas,79518,-112.894115,69.187905
Anthony Flores,61,802 Parker Bypass,Daviston,Connecticut,55501,-156.647189,27.849664
Scott Harper,26,47806 Kristine Cape Suite 762,Laurenmouth,West Virginia,80001,-126.010138,-17.291105
Miss Patty Lopez MD,67,9031 Rodney Bypass Apt. 748,Henryside,Maryland,51868,-69.945517,20.6293955
Teresa Fuller,37,222 Kennedy Path Apt. 313,West Travisborough,Mississippi,87702,178.193083,82.2605945
Michael Wright,53,03516 Alvarez Track Apt. 134,North Saramouth,Rhode Island,90382,117.892008,-23.130901
Amy Kerr,34,4395 Linda Divide Suite 024,West Billy,Texas,38118,164.262017,37.4925135
Christine Garcia,54,45598 Parker Loop,Cooperview,Kansas,42407,-114.640536,40.5984205
Rachel James,55,39634 Jimmy Square Suite 804,North Kendra,New Jersey,01108,-122.396833,-66.1358625
Michael Silva,47,430 Joshua Grove Apt. 731,Aprilside,Arkansas,14861,-53.539950,-87.9247715
David Thompson,60,1515 Karen Vista,Gregoryside,Colorado,73289,119.254286,-73.4053895
Susan Hill,69,762 Nelson Unions,South Ruth,Texas,53589,10.909959,47.336336
Connie Pennington,49,78556 Salinas Stravenue Suite 460,South Jose,Arkansas,97288,-125.805794,-71.7149735
Patricia Ochoa,23,1355 Allen Extension Suite 462,Margarettown,Mississippi,13251,-90.400137,-68.823102
Joshua Harris,30,8503 Osborne Harbors,Kellyfort,New Jersey,31895,65.189444,-47.133654
Julie Tanner,68,211 Smith Track Apt. 448,West Holly,Delaware,21450,-12.551217,-44.6756495
Carrie Tucker,53,4505 Christopher Garden,Olsonport,Connecticut,02501,-179.889865,6.188854
Matthew Smith,33,8017 Margaret Camp Apt. 426,Barnesmouth,South Dakota,37465,-66.683442,67.8211115
Javier Brown,53,33378 Adams Corners,Melanieland,Tennessee,01638,-166.600933,64.9296275
Brenda Castaneda,51,362 Jennifer Port,New Christopher,Arizona,13581,-124.633152,-70.243384
Daniel Adams,21,554 King Corners,Lake David,Rhode Island,76498,-84.717866,-68.9046995
Barbara Campbell,20,372 Annette River,Robertfurt,Kansas,31907,127.361690,-69.849158
Jeffrey Nguyen,24,579 Benjamin Roads,West Marissaview,Oregon,31575,168.958400,-6.5034405
David Stevens,58,02890 Arellano Divide,Ingramport,Idaho,76974,173.536061,-53.2038015
Justin Johnson,45,959 Zachary Course Suite 783,Lake Timothyport,Kentucky,30217,59.066442,-43.4593445
Todd Gross,27,012 Harmon Groves Apt. 422,East Arielside,Oklahoma,63898,133.305293,6.702330
Austin Lane,70,413 Conway Spring Apt. 790,Stephenland,Alabama,19075,41.702812,62.011463
Desiree Stone,52,29760 Annette Corner Apt. 818,South Keith,California,96867,-146.213495,81.3556205
Angela Webb,34,4679 John Union,New Gregory,Nebraska,40340,-32.908438,35.8117865
Toni Russo,44,64558 Gabriel Canyon Suite 985,South Jerry,West Virginia,77525,16.523721,59.145858
Steven Lopez,37,447 House Terrace Apt. 123,West Josephburgh,Alabama,41653,44.557653,-41.857665
Zachary Hunt,63,369 Daniels Burgs,Walkermouth,New Hampshire,70898,53.812127,9.0149265
Ruth Green DVM,25,8719 Tiffany Summit Apt. 385,South Oscar,West Virginia,57656,-133.041714,-69.8136535
Angela Rogers,39,818 Cynthia Gateway Apt. 728,East Brittany,New Hampshire,80214,-22.528181,78.2540975
Elizabeth Rose,61,48512 Brenda Park Apt. 123,Natashaville,New Jersey,81313,-4.498030,67.285273
Jessica Jackson,36,02647 Armstrong Freeway,Whitefort,Tennessee,60640,-86.940962,42.3405135
Duane Gibbs,44,256 Johnson Estate,Port Davidshire,North Dakota,75279,-79.317724,-1.4062725
Thomas Reid,32,9627 Phillips Junction,Weaverview,New York,63544,-112.347959,-1.7382555
Mary Jackson,70,08326 Crystal Turnpike,Gallagherstad,New Mexico,03775,-112.360003,63.050920
David Phillips,57,25860 Fletcher Road Suite 041,Lake Veronicafurt,New York,38183,-80.424621,53.1790095
Monique Jensen,53,6376 Jackson Heights,Lake Pamelabury,Maryland,32300,-52.794963,51.5443035
Juan Cole,46,488 James Summit,New Austin,Wisconsin,03558,141.047449,28.6203565
David Schultz,79,8105 Ballard Shoal Suite 788,New Sarah,Wisconsin,70704,-165.275125,-63.856947
Nicholas Lewis,32,274 Gregory Way,Thomasview,Nebraska,29961,144.712516,-42.8177655
Louis Thompson,74,199 Kristine Hill,Johnbury,California,10770,161.101056,15.6132255
Dr. David Keller DVM,62,272 Baker Pike,West Sandraburgh,Maryland,59801,173.314877,-28.780254
Amanda Olson,65,669 Ross Village Apt. 484,East Jeffrey,Massachusetts,92611,-33.479571,41.359870
Mrs. Andrea Wilson,25,2219 Rodney Locks,Williamsport,Michigan,67683,148.753404,19.5754525
Stephanie Cook,45,69634 Christopher Underpass Suite 533,Lake Mark,Indiana,18320,59.377945,-13.662150
Nicole Harris,28,625 Stone Expressway Apt. 547,Rosarioville,Hawaii,29083,133.313725,-49.393470
Heather Quinn,47,50491 Martin Port Suite 564,West Robert,Massachusetts,24542,32.535862,-50.540339
Jillian Hill,63,4367 Washington Causeway,Marychester,West Virginia,56553,33.682352,13.651023
Wendy Kane,59,1765 Rivera Drive Apt. 615,New Travis,California,66915,-47.714866,8.0881025
Alexis Montgomery,38,28928 Linda Unions Suite 517,West Alexandria,Michigan,07963,-11.993425,3.252666
Melissa Baker,75,8697 Allen Mount Apt. 165,South Amanda,Hawaii,90504,-57.560319,7.6494165
Mckenzie Morris,80,753 Hale Walks Apt. 735,Taylorhaven,Oklahoma,07044,-126.832846,-55.958817
Andrea Eaton,78,343 Gary Turnpike Suite 918,West Hannahbury,Maine,25615,92.139585,-52.2640485
Shane Holmes,33,3861 Wendy Ways Suite 642,North Kathleenview,Illinois,10481,-86.364995,-20.8911615
James Underwood,25,8408 Stephanie Prairie Suite 874,New Margaretfort,Arizona,08937,-138.393759,9.585243
Matthew Gonzalez,72,8460 Wallace Cape,North Gerald,Nevada,13735,144.751303,51.5855875
Christina Tyler,41,328 Copeland Meadows Apt. 049,Hancockberg,Illinois,52625,-17.051558,45.916675
Benjamin Hodges,31,1265 Terry Corners,Myersshire,Minnesota,71013,0.567449,-87.239077
Zachary Miller Jr.,75,5557 Gutierrez Causeway Suite 555,North Isabel,Wyoming,44522,-56.029427,66.4320865
Julie Hicks,58,1448 Roberts Motorway Apt. 070,Port Christopher,Arkansas,34449,65.764398,-46.8455775
Christopher Ballard,76,9494 Mendez Row,Michaelshire,Connecticut,41279,-33.354023,84.0723705
Jesse Davenport,72,890 Hughes Drive,North Aimee,Pennsylvania,77847,89.191717,-50.0314725
Adam Castaneda,69,3863 Billy Forest Suite 566,Shawfort,Alabama,26950,82.164528,62.8778735
Karen Gonzales,23,58096 Charles Rue Apt. 738,East Stephen,Iowa,09364,-93.029831,-8.202118
Bethany Reynolds,22,071 Angela Station Apt. 164,Johnsonhaven,Vermont,70048,10.206343,22.476026
Jeffery Lewis,76,5329 Wood Islands Apt. 977,Antoniostad,Washington,28524,-121.632381,-68.5694175
Amber Campbell,69,56846 Lori Course,Port Micheal,Alabama,75668,-11.419222,-36.6510665
Chad Holland,69,36300 Tiffany Ramp Suite 314,Carolynton,Arizona,66554,137.581614,52.3456265
Stephanie Morris,31,5766 Fernandez Mission,East Katrina,Illinois,95036,134.543230,-13.8831895
Nicole Lee,52,5470 Shaw Fields,West Laurenberg,Maine,23858,15.116878,9.4781085
Colleen Lucas,52,8170 Courtney Lock Apt. 079,Johnchester,Ohio,03592,-23.646673,-75.7254855
Jeffrey Hamilton,37,7762 Vicki Fords Apt. 963,Bellland,Maine,02685,-116.198775,78.4206555
Katie Tucker,60,4016 Martin Freeway Suite 863,South Elizabeth,Alaska,67983,-157.546907,-4.5443495
Thomas Benson,22,558 William Mountains,Port Scottfurt,New Jersey,30339,150.122355,-80.343449
Kenneth Yates,23,789 Rose Port,Timothyfort,Minnesota,22352,-125.642355,-6.0637785
Andrea Larson,76,7637 Sarah Extensions,Cassandraton,Minnesota,18050,-114.997559,-77.3570635
Lindsey Strickland,50,24329 Flores Trafficway Suite 438,Thomasfort,New Jersey,06375,-120.147727,5.252433
Susan Russell,80,078 Peterson Fields Suite 643,Warrenshire,Iowa,30623,60.977759,-82.112987
Mr. Douglas Lawrence,78,361 David Green Apt. 451,Savannahhaven,Rhode Island,68761,-111.336618,-46.2462805
Shelley Thomas,53,924 Webb Club Suite 461,Stephenberg,Maryland,79633,-5.249538,0.4524275
Cindy Anderson,54,913 Weaver Grove,Collinshaven,South Dakota,93939,-65.840525,-83.537344
Nicole Powell,19,3060 Jo Crescent,Vanessamouth,Louisiana,67918,-112.334051,-16.1271095
Dominique Richards,44,8883 Osborn Hollow Suite 551,New Michaelburgh,Mississippi,20474,175.918154,83.755494
Judith Collier,55,3850 Jones Crest Suite 700,South Nicoleport,Georgia,99260,-53.540675,54.407483
Amanda Stevens,44,753 Bonnie Point Suite 164,Elizabethstad,Connecticut,26242,-120.379073,56.974044
Johnathan Edwards,69,43659 James Ridges Suite 903,Carterside,New Hampshire,41990,6.121367,-5.973562
Steven Carey,60,2719 Cox Common Apt. 186,New Wesleyside,Virginia,13677,114.568202,41.0368165
Chelsey Mccullough,55,41371 Wright Corner Apt. 801,Lewisfurt,Rhode Island,29653,-50.290983,-54.390432
Lindsay Nguyen,20,8958 Jonathan Walks Apt. 745,East Michelle,California,31939,-103.961045,0.9398615
Joseph Delacruz,18,8771 Emily Lodge Apt. 409,Crystalshire,New Jersey,41987,75.910437,-20.1633795
Brett Richards,66,81018 Donald Knolls,Lake Logan,Hawaii,28965,55.692966,61.414140
Paul Ramirez,46,487 Banks Fall,Colleenland,California,03205,-153.366228,-80.1587245
Tristan Mcknight,74,252 Marc Knoll,Ibarraville,Ohio,95999,98.866989,29.6236285
Mr. Jonathan Carter,32,5878 Philip Lights,Richardsside,New Mexico,62975,-177.852780,11.957620
Kristi Brown,38,897 Michael Manor Suite 350,Hopkinsberg,Montana,81960,-85.396233,29.9040475
Jason Parks,60,2907 Smith Islands,Williamside,Alaska,09532,-58.670685,-72.227709
Ronnie Clarke,59,8441 Harrison Pass Apt. 403,Scottton,Vermont,99007,-155.925860,57.5792625
Jennifer Williams,54,4986 Boyd Harbor Suite 131,Port Angela,New Hampshire,41487,-132.259500,-27.868815
Tracy Perez,48,750 Hernandez Parkways,Richardland,Georgia,19912,-171.099308,19.1457985
Craig Haley,65,45120 Davis Unions Apt. 091,North Tom,Alabama,51929,117.472720,78.0938525
Michelle Pace,26,22450 Anderson Curve Suite 014,Ianport,Hawaii,32479,52.608881,-38.630281
David Mcconnell,67,1170 Theodore Canyon Suite 042,South Brian,Washington,13669,51.465164,-20.501592
Thomas Williams,78,11941 Fernandez Pike Apt. 519,Jasmineville,Idaho,29793,10.434703,35.199055
Loretta Thompson,34,9784 Christina Hollow,East Barbara,Wyoming,92405,147.705153,-27.4154585
Julie Harrison,45,677 James Springs Apt. 889,Ashleychester,Arkansas,08605,176.225897,46.079884
Pedro Mercado,26,4688 Higgins Wall Suite 318,Millerfort,Illinois,99618,85.746947,16.839379
Alyssa Brown,76,7493 Donald Hill,South Kathleenfurt,Delaware,99938,-41.658718,-37.612478
Christopher Bass,26,44262 Alexandra Falls Suite 418,Williamtown,South Dakota,96486,-66.067746,-41.967346
Kenneth Wallace,34,626 Kelly Plaza,Mathewton,Indiana,11521,-96.704536,-1.6294055
Michael Ortiz,46,7448 Caitlin Fords Suite 667,North Victor,Hawaii,45389,-3.512491,-1.361920
Donna Montoya,42,96412 Robinson Pike Apt. 586,Wongberg,Connecticut,80732,52.849316,22.942611
Morgan Kennedy,27,7274 Casey Glens,New Meganfort,Indiana,97943,-42.893904,-26.400296
Rebecca Hughes,70,333 Mark Parkway Suite 532,Millerhaven,New Mexico,74082,-31.322835,-41.0123155
Jose Miller,74,88775 Burke Estate Apt. 828,Lake David,Kansas,15504,132.975578,57.518683
Amy Everett,31,137 Sandy Ports Apt. 506,Turnerberg,New Hampshire,87166,21.861993,80.183617
Jeremiah Edwards,58,196 Sean Avenue Suite 445,Adrianafurt,Montana,42576,169.485888,-74.692373
Kim Rodriguez,27,538 Sarah Ridge Apt. 874,East Michaeltown,Mississippi,61174,-128.297609,28.877366
William Romero,48,053 Dana Land Apt. 161,Stephanieville,New Mexico,37923,-173.463079,39.8573525
Jason Hernandez,52,54228 Teresa Stream Apt. 470,Timothymouth,Washington,83806,-169.640384,78.746687
Heidi Oliver,41,86636 James Mission Suite 397,Mcneilland,Kansas,61558,61.682405,21.123810
Lauren Franklin,41,3275 Barbara Inlet,Lake Stacey,Idaho,36837,48.393927,-13.285417
Christine Sexton MD,53,156 Douglas Heights Apt. 744,Deanmouth,Wisconsin,85895,-73.734964,18.835741
Shannon Morse,69,479 Haynes Station,North Kelly,Wyoming,60220,-139.916425,-0.609774
Stephanie Sanders,47,783 Alan Parkways Suite 015,Sarahland,Utah,99857,143.980971,56.2884355
Mr. Steven Wolfe,62,1535 Simpson Locks Suite 155,Adamsstad,Arizona,36944,143.045598,63.9412515
Jillian Watkins,40,398 Brent Pike,Michaelport,Ohio,61948,20.089968,35.8553055
Sandra Smith,50,5048 Allison Junctions Suite 077,West Jackmouth,Oregon,90755,-113.242029,-18.181808
Michael Jones Jr.,31,7016 Ryan Drive,Padillabury,West Virginia,71896,-109.987538,44.8427475
Michael Meyer,19,58600 Toni Roads Suite 244,North Joanna,Maine,52416,169.891586,-68.7739525
Michelle Wade,46,2978 Zimmerman Spurs,South Melissa,Oregon,64795,164.191327,-85.826269
Mark Martin,33,21648 Craig Avenue,Port April,Washington,98621,-161.184884,78.1152785
Shari Huber,39,2499 Mcclure Lodge Suite 112,Ryanborough,West Virginia,84344,81.836474,-75.642871
Julia Mercer,69,335 Bautista Crossing Apt. 428,Leeville,Arizona,28569,-55.128393,-10.4589625
Robert Jimenez,39,803 Rodriguez Village Suite 769,Port Victoria,Vermont,22328,135.039734,-38.6775675
Kelsey Douglas,33,233 Christopher Manors,Pattersonside,Hawaii,28517,-142.812774,-80.1727935
Jennifer Scott,45,93707 Brown Glen Apt. 322,Nealberg,Idaho,18182,-95.004171,-28.920097
Suzanne Wright,75,30151 Walton Hollow Suite 898,Smithville,Oregon,03162,-91.236080,56.9300355
Angel Ryan,57,061 Rodriguez Trace,Espinozahaven,Hawaii,54149,-168.912226,-34.4025765
Peggy Miller,28,5413 Conrad Crescent,South Christopherburgh,Nevada,88464,137.870091,55.306793
Michael Welch,35,196 Charles Manor,New Kimberly,Arizona,73369,-77.766346,-37.8246995
Jason Kramer,57,27337 Steven Causeway,East John,California,51689,140.652586,-68.485690
Angel Stanton,25,34677 Hobbs Road Apt. 388,North Sheenatown,Colorado,43949,-86.402752,32.836437
Heidi Johnson,39,382 Pearson Mission,Jacobmouth,Missouri,33835,32.906710,46.6590175
Nathan Harper,19,6909 Higgins Falls Apt. 491,Port Amy,Georgia,71216,73.313047,-58.5475605
Tiffany Berry,19,00604 Jeffrey Glen,North Geraldchester,Idaho,62101,-58.483231,-72.680198
Kimberly Stewart,73,292 Brown Row,Smithville,New Mexico,30778,-24.431192,18.799792
Jeffrey King,68,9347 Bridges Tunnel,Kristenstad,Arkansas,84303,-46.174314,47.267876
Christina Burton,46,17883 Conrad Forge Apt. 906,West Emmaberg,New Hampshire,71237,-106.430817,76.3187925
Alejandra Nichols,23,6967 Elizabeth Freeway Apt. 185,West Sarah,Montana,59743,-27.867961,69.601086
Adriana Powell,67,99078 Erica Roads Suite 260,Paulfort,Connecticut,82355,-6.156018,-49.3714065
Robin Taylor,22,826 Christine Shoal,East Julieview,Missouri,06645,113.713326,50.700168
Kyle Kemp,28,69028 Katie Ports,Hernandezport,New York,10049,-121.268959,-19.925871
Lindsay Wood,75,75796 Santana Manors Suite 135,Johnsonburgh,Tennessee,79120,116.718387,-32.144671
Dustin Gardner,73,47611 Taylor Corner Apt. 305,Millerfort,Wisconsin,08495,21.247548,26.4027865
Benjamin Rodriguez,77,488 Schmitt Wells Apt. 175,West Patricia,Washington,53161,-53.325161,74.1413475
Luis Walsh,52,2510 Bradley Loaf,Joshuaview,Hawaii,83003,4.968781,74.9300605
David Smith,39,8170 Blankenship Village Apt. 332,Lake Albert,Oregon,92047,57.050893,9.749272
Jessica Conner,25,4785 David Plains Apt. 337,South Amandastad,Hawaii,15597,-67.881305,-12.437869
Danielle Warren,75,5603 Beck Corners,Port Christopher,Vermont,42493,146.670842,-0.414879
Scott Long,39,8925 Robert Pike Apt. 704,Wardland,New Jersey,84796,128.372941,-33.295159
Jacob Marquez,33,574 Jody Mountains Suite 148,Porterstad,South Carolina,15716,-99.284475,-82.422814
Mary Brown,72,36699 Lee Pines Apt. 120,New Sara,North Dakota,38295,22.895073,26.7912255
Michael Brooks,50,9920 David Pike Apt. 134,Mirandabury,Oregon,37323,179.443296,70.6600195
Terry Mcfarland,71,023 Thompson Route Suite 148,Thompsonville,Arizona,73660,-8.310151,-53.2118615
Andre Harvey,59,2146 Connie Mews Suite 367,Carmenport,North Carolina,39139,-3.838979,16.948288
Christina Cooke,33,23842 Lisa Port,East Ashleefort,Delaware,47627,-87.912545,11.8443155
Mary Kane,70,71068 Eric Dam Suite 777,East Jeff,Mississippi,41899,170.618393,48.4177615
Amber Morris,26,690 Christian Isle Suite 199,Walkerland,New Mexico,16042,-55.743933,-57.9577485
Michael Clarke,35,3572 Carson Loop Apt. 754,North Stephanie,New Hampshire,01853,-91.396174,-58.2808055
Martha Blackwell,64,006 Johnathan Vista,East Angela,Connecticut,93587,-146.678264,64.1448445
Thomas Johnson,65,78042 Brown Green Apt. 532,Ernesttown,Vermont,70040,-44.539564,-53.5851465
Laura Nelson,29,61917 Rangel Shoals Suite 514,South Sheryl,Minnesota,43165,18.952680,57.964336
Elizabeth Scott,74,56854 Bishop Ridge Suite 839,Stephanieport,Florida,19190,-153.253023,68.7748255
Michael Everett,40,74420 Nicole Summit,New Paultown,Tennessee,81915,-137.243503,68.2887845
Carlos Taylor,78,81552 Nelson Locks,Baileystad,Indiana,26387,93.985018,64.090852
Stacy Davis,18,67124 Lang View Suite 257,Lake Carlyton,Nevada,15085,178.147467,34.5043025
Matthew Fry,18,066 Knapp Club,Eriktown,New Mexico,59114,-110.727984,77.0942935
Michael Scott,24,03072 Schneider Summit,Port Justinshire,Mississippi,35504,86.686657,76.546594
Marcus Schneider,54,8154 Todd Port Suite 959,Davidmouth,Idaho,03357,86.368383,70.443382
Dustin Howard PhD,64,26850 Baker Prairie,New Kimberly,Connecticut,23576,-24.336765,-84.570342
James Morrison,41,070 Debbie Manor,Robinside,Iowa,00986,-64.012224,34.1663535
Jillian Williams,26,607 Olivia Cove,Obrienhaven,Wisconsin,21910,45.016413,34.0735745
George Jones,60,26718 Adrian Mountain Suite 307,West Jenny,Nebraska,39328,48.566833,-28.306882
Brian Bailey,49,6560 Monique Centers,New William,Kansas,92708,-125.348740,0.459199
Danielle Clarke,62,51596 Angela Centers Apt. 978,North Sarahfort,Idaho,95623,-44.384976,85.880378
Caitlin Ryan,42,33516 Ramirez Mall,Amyside,Mississippi,89345,48.339283,-16.6993585
Shaun Aguilar,51,029 Hoover Cliffs,Crossland,Iowa,30897,-18.015205,25.4422635
Nicole Blackwell,77,043 Aaron Drive Apt. 570,South Jeremytown,Maryland,84907,118.659972,-84.0380225
Summer Campbell,37,0137 Berger Spur,Jeremyshire,Texas,35828,7.541717,17.939357
Kevin Hogan,23,691 Jamie Union,Shermanberg,Alabama,84710,54.503784,-0.402585
Luis Cruz,69,643 Richardson Streets Apt. 608,Ramirezberg,Alaska,13585,124.273081,-18.7582465
Tiffany Cooke,55,091 Joshua Meadow Apt. 933,Graceshire,Idaho,17851,-127.396961,-76.1727505
Jerry Hernandez,21,15094 Matthew Vista,Angelafort,Massachusetts,42311,81.074792,-12.535344
Wanda Shelton,55,204 Aguirre Tunnel Suite 344,North Carrie,Kansas,04132,-29.719330,55.9850205
Cheryl Powers,57,8822 Joseph Via,Cameronmouth,Delaware,64939,120.477257,-40.027993
Kyle Diaz,42,715 Hess Walks Suite 942,Taylorbury,Montana,74788,-62.130023,66.806240
Edwin Phillips,29,8376 Sheila Turnpike Suite 598,Port Joland,Georgia,48858,172.749964,-78.591888
Tamara Hall,74,0781 Bianca Plaza Apt. 663,Leahchester,Iowa,46034,-49.503495,-66.1394525
Jennifer Parker,29,7154 Karen Dam,Justinshire,Florida,45959,43.715792,88.9774205
Erica Edwards,19,572 Jessica Mews Suite 121,Lewisfurt,South Carolina,30671,2.896995,-67.9628625
Franklin Luna,28,816 Harris Crescent Suite 228,Cabreraberg,Utah,34280,-111.936869,-17.6439785
Lisa Adkins,37,15320 Jeffery Extensions,West Sherryburgh,Missouri,71695,-127.159703,37.106623
John Phillips,35,17525 Jackie Circles Apt. 014,Hammondhaven,Virginia,29647,94.315414,46.9965735
Anna Mann,32,369 Clark Haven,Ryanbury,New Hampshire,85703,87.971890,-29.6290025
Jamie Ward,46,719 Sharp Forks,Jeremiahshire,Kentucky,81920,-121.507978,8.049891
Randy Jones,35,4783 Owens Canyon Suite 787,North Karaland,Kentucky,47909,16.982074,65.8350935
Brandy Henry,54,716 David Inlet,Calebbury,New York,19715,19.041087,84.054862
Kimberly Cook,21,21388 Phillips Burg,Rebeccaborough,Indiana,53703,-103.735843,-57.0031325
Steven Hamilton,40,148 Perez Junction,East Nicholas,Ohio,54394,-61.002470,32.6844935
Jessica Jackson,80,17073 Green Squares Suite 494,Boydview,Indiana,45715,36.983115,-33.7422635
Lorraine White,20,59087 Roberts Prairie,Powellchester,Iowa,28906,154.094600,-68.051537
Angela Collins,58,24177 Dennis Lakes,Flynntown,Minnesota,20237,4.336006,-38.711380
Sherri Mullins,28,23318 Melinda Harbors Apt. 067,Patriciaburgh,Iowa,14888,-87.643339,-5.911444
Heather Jones DDS,47,2006 Brent Ville Suite 192,West Ryan,Colorado,94196,-45.443873,59.2975965
Shelby Anderson,18,72209 Brad Crescent,Jeffreytown,Mississippi,51611,47.737129,20.407550
Victor Richmond,43,227 Kevin Mills Suite 050,East Nathaniel,North Dakota,39010,-28.126673,-80.631983
Michael Todd,40,57619 Young Plain,Port Arthurmouth,Virginia,70486,169.580307,66.7165015
Jennifer Huber,64,78627 Howard Park Suite 998,Ashleystad,Colorado,68224,85.327538,-83.073528
Patrick Thompson,29,38334 Cunningham Plaza,South Jessicaville,Iowa,53424,48.331739,89.7020745
Jane Gonzalez,67,534 Morgan Street,Williammouth,Mississippi,39747,176.166667,46.6882705
Heidi Ramirez,74,5683 Jane Ways Suite 557,South Charleston,New Hampshire,77010,-138.250280,-77.337875
Angela Mckinney,53,333 Edward Brook,Erinshire,Texas,94817,34.184808,-77.0490095
James Vargas,33,3110 Nicholas Plains,Hernandezville,New York,76204,-167.216368,-50.8993265
Roy Sandoval,46,967 Frazier Fall,Carterstad,New Hampshire,98551,-146.971848,60.244898
Colleen Marshall,28,611 Gonzalez Mall,West Robert,Connecticut,71420,-0.239612,83.4625375
Daniel Ochoa,20,589 Alicia Mountain Apt. 224,North Michael,Delaware,58265,133.653353,-86.569528
Michael Roberts,72,684 Brandon Ramp Suite 901,South Melaniemouth,Michigan,29483,-148.372708,36.682159
Becky Bender,18,7646 Christine Park Apt. 095,New Angelaside,Hawaii,09524,-17.391494,47.680408
Kristin Palmer,71,704 Alan Shores Apt. 817,Karinahaven,Pennsylvania,98244,2.736271,81.367945
James Barry,57,76614 Morgan Club,West Amber,North Dakota,29769,65.033467,46.0211725
Tina Johnson,31,9228 Peterson Plain,Michaelstad,Maryland,57548,-118.438793,-72.572205
Amy Mcfarland,38,5645 Williamson Square,Brownland,New York,80503,-134.154672,29.128470
Mr. Steven Ware,62,297 Steele Rapids Suite 715,Lake Peter,Wisconsin,69624,-84.747729,-3.7953615
Cameron Mahoney,36,4564 Theresa Squares Suite 314,West Tyler,Rhode Island,39326,60.714625,45.7882075
Ronald Martin,69,7407 Miranda Rue Suite 569,Rubenbury,Tennessee,97296,-42.035886,-49.552850
Rebecca Martin,36,1405 Tanya Branch,North Connietown,Virginia,99046,-25.710405,-78.322667
Katherine Hart,64,50670 Warner Road Apt. 840,Christianstad,New Jersey,25046,56.822783,-43.641261
Cynthia Oneill,41,567 Price Centers Apt. 772,West Andrew,Idaho,47668,79.019423,67.808672
Ashley Williams,68,88942 William Glen,Port Ryanbury,Illinois,83363,74.687031,-70.9723845
Joshua Hayden,23,2919 Ortega Isle Apt. 349,East Kathleen,Pennsylvania,11670,-30.371866,11.472301
Kevin Johnson,53,8796 Jessica Flat,Lake Jasonville,Alaska,48792,-157.077266,78.0551715
Becky Adams,80,3447 Malone Fall,Shanestad,Georgia,40436,112.818070,-28.040762
James Ray,47,6400 Patrick Bypass,Joelchester,Montana,45099,42.223640,-16.0431795
Rebecca Smith,22,3144 Faith Springs,New Danielstad,Maryland,51226,-68.280737,1.617605
Kevin Green,50,76618 Hernandez Shoals Suite 744,Serranotown,Vermont,31099,-161.656187,-38.5625585
Karen Hunter,58,5582 Morris Prairie Suite 675,Holtton,New Jersey,39236,-79.857082,38.728317
Alicia Smith,64,347 Amanda Path,Jeffreymouth,Alaska,65886,10.334640,64.4602125
Linda Trujillo,65,7913 Ellis Hill Suite 126,Valerieshire,Vermont,08614,6.316953,-25.7095225
Joseph Salinas,37,343 Wilson Grove,Wilkinschester,Hawaii,83806,134.539164,-4.3295235
Latoya Walker,56,4475 Byrd Circles Suite 625,West Pamelaberg,Nevada,94317,11.439980,38.4506945
Victor Miller,42,942 Dawn Drives,Mayfurt,Arizona,52409,-147.741538,67.8445865
Jeff Morse,56,377 Michael Knolls,Teresashire,Washington,71251,18.599562,46.743677
Tyrone Byrd,64,1677 Ruben Manor,South Zachary,Massachusetts,55532,-26.069035,66.087943
Erin Hansen,68,72513 Nguyen Forest Apt. 818,Port Robin,Michigan,22023,14.360889,-5.5661415
David Bennett,62,1953 Young Light,North Jeremyborough,Georgia,04474,175.369533,53.8586335
Elizabeth Powell,70,37233 Matthew Mill Suite 343,Port Brandi,Ohio,14565,-33.601535,8.5091765
Ashley Lee,78,69558 Wells Courts Apt. 765,New Jessicatown,Hawaii,98253,-52.197156,57.3846765
Brandi Silva,24,8503 Matthew Parkway Suite 067,South Ryan,Tennessee,42560,-56.010456,82.7304365
Sheila Estrada,46,402 Jeffrey Locks Apt. 575,Haleyton,Minnesota,12148,57.525426,14.117318
Rodney Silva,51,8266 John Run Suite 612,New Stephanie,Virginia,26111,-153.059323,67.2347755
Carolyn Stuart,56,49103 Nelson Forks,South Cathy,Michigan,06823,-106.004456,-70.081420
Jason Mora II,52,7507 Clark Villages Suite 041,Hoside,Kansas,31354,-149.837376,84.0580185
Steven Rasmussen,37,6072 Stephen Corner Apt. 634,Caseyton,South Carolina,86371,83.854771,77.422554
Andrew Williams,48,964 Li Ville Suite 037,Rachelside,Montana,97807,-123.513356,-13.515211
Erika Hampton,25,29029 Schmidt Mount,Changborough,Washington,35177,-21.961688,54.8976535
Angela Russell,68,068 Theodore Unions Apt. 718,Gonzalezstad,Alabama,60239,152.000384,-24.698175
Joseph Walter,76,76085 Alyssa View,Harrisberg,West Virginia,68174,-126.217871,89.5524205
Tamara Brown,31,18318 Russell Circle,Aprilbury,Arkansas,90269,-17.070814,75.9608255
Rachel Adams,39,587 Brown Roads Apt. 740,Lake Amandamouth,Iowa,03857,-107.812969,-46.248790
Raven Edwards,58,13518 Teresa Mills,Danielbury,Massachusetts,82460,37.362697,24.8050255
William Horn,55,501 Stephens Crest Apt. 604,Moorehaven,Oregon,31551,-47.670109,-40.169460
Angela Curry,66,77667 Deanna Tunnel,Moonton,Arizona,63278,105.621202,-65.910411
Dean Anderson,43,326 Lisa Inlet,Danielport,Nevada,26513,-114.184314,66.8879705
Teresa Martinez,67,8854 Smith Drive Suite 503,New Amytown,Florida,67658,74.783877,-33.3237385
Brett Bowers,72,6354 Todd Extensions Apt. 361,East Lukeberg,Tennessee,24165,74.942973,36.2930705
Debbie Collins,76,68398 Francisco Path Apt. 819,Lake Jeremiahstad,Massachusetts,67383,-85.969997,53.3572975
April Dudley,20,69385 Wade Square,Port Brian,Virginia,95719,28.680815,87.866942
Shelby Bridges,45,8109 Zachary Village,East Justinview,Tennessee,85438,106.938224,-46.903287
Daniel Ibarra,65,804 Scott Cliffs Apt. 435,Port Catherinemouth,California,65445,80.237937,-44.8155445
Gerald Berry,41,61013 Karen Motorway,Lopezbury,North Carolina,50707,107.198255,70.2084835
Johnny Lee,47,262 Garner Ville Apt. 549,Mendezhaven,Georgia,26354,-62.541422,-42.225494
Benjamin Kaufman,56,512 Alexander Viaduct Suite 099,New Jennifer,Hawaii,86628,135.874040,61.087780
Peter Morales,64,831 Baker Lodge,South Williamview,Minnesota,68961,144.819695,-52.752806
Charles Cruz,62,341 Garcia Corners Apt. 568,West Gloriamouth,Rhode Island,30333,-57.717687,-7.2188435
Megan Savage,32,90907 Shepard Square,Port Monicaland,Tennessee,73003,86.540976,53.7377405
Sarah Richards,36,714 Gonzalez Port Apt. 862,North Christineville,New York,66653,-169.211992,69.1635665
Charles Nichols,74,1964 Anna Flat Apt. 274,East Tanya,Ohio,66898,-61.360725,-23.4495695
Jessica Craig,69,16400 Turner Ferry,New Rileyside,Connecticut,23068,99.852926,7.149172
Joshua White,72,50434 Richard Fords Apt. 576,Port Travis,South Carolina,61476,154.239020,-88.0944925
Priscilla Peterson,60,2666 Munoz Islands,Gonzalezton,Tennessee,48420,87.910551,43.311328
Sarah Meyers,30,3389 Richard Manor Apt. 960,Christytown,Florida,22428,-57.978541,34.1823075
Samantha Caldwell,79,502 Kristen Road,East Markborough,New Jersey,17790,131.389516,-59.0662285
Roberto Cohen,38,465 Connor Inlet,South Kimberly,North Carolina,84419,-175.697759,65.9776435
Richard Obrien,19,2787 John Dale,West Adammouth,North Carolina,09964,23.230293,-89.8758385
Christopher Brown,41,5276 Gregory Station Suite 655,New Rachaelton,Pennsylvania,76242,146.084819,80.7979425
Sean Odom,58,814 John Pike Suite 008,Lake Jeremyshire,Vermont,22281,-171.993258,-73.7403145
Andrew Sanders,70,93920 Smith Court,North Jeffreyview,Illinois,39835,-12.201520,-61.084697
Matthew Rios,31,227 Perez Via,East Michael,Wisconsin,59564,-163.403231,79.2037405
Scott Gilmore,53,59158 Margaret Fords,East Juan,Kentucky,86177,114.442277,-80.025421
Lori Williams,33,78154 Mcdowell Roads Apt. 331,Jamesfurt,Hawaii,20289,1.929245,-6.2565665
Dwayne Smith,54,91893 Victoria Burgs Suite 597,East Scott,Alabama,94157,33.307662,24.339333
Patrick Rojas,50,46200 Love Field,Port Kellyberg,Ohio,00846,-41.370939,-33.3414505
James Farley,36,2609 Shelby Pass,Jodihaven,New Mexico,71627,-150.192121,-71.0355005
Mary Howe,43,937 Whitney Dale Apt. 043,Petersonmouth,Nevada,98810,82.668594,11.526296
Martin Jackson,77,177 Steven Orchard Apt. 938,Port Morganton,North Carolina,05183,40.500108,-4.5475885
Mark Maldonado,32,747 Fleming Vista,Adamtown,Connecticut,56702,-33.480297,-11.332821
Rita Bernard,58,7882 Diaz River,Cunninghammouth,Alaska,48064,-56.382880,86.0819655
Meagan Collins,35,46786 Mary Place Suite 676,North Cynthia,Colorado,48185,153.938219,32.554894
Carol Jensen,52,00130 Stephen Meadows Apt. 995,New Catherine,Louisiana,36685,-16.303979,-15.158131
Cory Strong,76,596 Emily Spurs Suite 709,Thomasstad,New Jersey,62691,-148.057425,-87.260545
Aaron Roberts,45,800 Anna Cliffs Suite 619,Lake Raymond,Maryland,37363,156.641731,-68.941287
Brian Stephens,28,400 John Plain Apt. 018,East Angelica,Hawaii,47177,46.461350,-27.6866445
James Rogers,38,529 Schroeder Prairie,Barbarafurt,Rhode Island,50055,-111.624403,-12.9933485
Bill Ryan,58,603 Mackenzie Corner,Alexandriaton,Tennessee,78997,118.725589,-33.0722565
James Lee,49,4203 Kennedy Trace Apt. 953,East Todd,Hawaii,38070,72.503340,28.1529365
Christine Pierce,46,20434 Brown Port,Rebeccabury,New Jersey,87072,-37.437589,54.7407565
Kimberly Scott,71,16931 Anderson Parkway,Michaelmouth,Pennsylvania,48405,-79.309906,-74.911855
Oscar Price,44,5322 Baker Corner,Meganland,Connecticut,84188,-71.144838,29.6107495
Karen Cobb,50,85304 Rebecca Motorway Apt. 649,Port Lisa,Texas,14428,84.739964,-78.882919
Diana Gibson,39,73807 Rodney Walks Apt. 441,Johnsonchester,Nevada,24122,151.466055,-0.9282095
Micheal Cobb,39,4990 Cynthia Island Apt. 129,Churchville,Rhode Island,04346,-6.228218,-25.122770
Whitney Caldwell,47,16205 Matthew Fields,Debbiefort,Minnesota,49778,120.959667,6.9018045
Timothy Allen,31,417 Ashlee Route,Howardside,Pennsylvania,11857,61.538790,-42.9122285
Stacy Meadows,70,78731 Justin Club,Brooksmouth,Tennessee,41943,-43.179201,-46.959544
Brenda James,59,366 Mcpherson Junctions Apt. 709,East Alyssaport,Rhode Island,81255,80.271863,-44.9435315
Randy Watson,38,00522 Michael Green Apt. 970,North Kennethfurt,Louisiana,56280,174.325539,-27.829766
Alexis Fuentes,60,62633 Wilson Estates Apt. 831,Murraytown,Nevada,71576,21.710334,30.8233605
Elizabeth Hernandez,32,68324 Joshua Creek Suite 742,West Nicholasville,Iowa,12531,179.436339,27.9867645
Caleb Martin,37,5288 Brown Centers Suite 350,Donmouth,Vermont,18026,150.863898,-20.3357015
Brittney Serrano,40,0952 Jean Courts Apt. 694,East Stacey,Washington,64512,-152.557457,70.4052125
Troy Hansen,70,469 Juan Plaza Suite 987,New Jennifer,Texas,73179,168.825009,17.8950295
Catherine Torres,75,354 Kimberly Greens Suite 993,New Amanda,Tennessee,27891,-50.257659,-3.4497655
Donna Riley,75,504 Park Drive,Johnmouth,Delaware,53809,38.377419,81.2885735
Amy James,28,34716 Peter Ferry,Tarastad,West Virginia,93345,174.096721,-45.9126725
Alicia Gonzales,29,48226 Natasha Unions,Amandaview,Idaho,40665,-11.166995,-50.8857075
Anthony Harrington,22,747 Ward Mountain,South Carla,Indiana,93776,6.215440,23.1195565
Kyle Powers,50,290 Haas Inlet Suite 843,Vasquezhaven,Wyoming,57437,-168.200057,11.7269905
Melissa Owens,78,163 Michelle Walks,North Angelaland,Tennessee,52489,-170.445666,68.495869
Amanda Carr,63,04806 Holloway Path,Burnsburgh,Florida,27966,44.725353,-52.9786015
Amy Alvarez,58,88140 Hull Meadows,Lake Alyssa,North Carolina,52339,179.246725,-40.5320815
Michelle Reed,55,9138 Reynolds Stravenue Apt. 939,Jessicastad,Ohio,95622,-160.416808,54.0105445
Mary Potts,23,15369 Christine Orchard,East Andrewbury,West Virginia,67663,57.972415,57.6589855
David Gonzales,47,5767 Benjamin Branch Apt. 222,Karenstad,Alaska,81044,153.257965,-81.1344545
Matthew Miller,71,6555 Robert Court,Thomasstad,North Dakota,54796,90.785068,-43.0086585
Mark Estes,18,64626 Shelton Glens Apt. 342,North Scott,California,82369,-62.288858,-81.3626325
Jose Morris,71,363 Davis Prairie,Williamsview,Oregon,74278,-100.041887,-33.643759
James Stewart,39,6208 Hall Forest Suite 697,North David,Texas,86666,-153.215745,88.0759395
Mark Gray,29,1475 Martinez Ridges Suite 450,Michellebury,Hawaii,13433,123.139970,-65.9979615
Raymond Smith,46,85286 Angel Glen Suite 916,Port Jessicatown,Oregon,90464,-91.675132,-14.191108
Gina Ward,53,65334 Allison Lights,Sabrinamouth,California,35440,-63.942370,36.9779465
Alex Hartman,54,158 Brady Tunnel Apt. 878,South Jenniferborough,Utah,56740,-54.948413,80.0829525
Devin Nelson,47,7936 Christopher Drives Apt. 543,Cherylport,Alaska,73993,53.302514,-17.7249555
Rhonda Merritt,53,0025 Walter Estates,Calvintown,Tennessee,98342,169.123016,33.052970
Brenda Wells,44,588 Brandon View,East Christine,Maine,88204,-8.767064,15.205763
Kenneth Hutchinson,61,63644 Hernandez Plaza,South Nathan,New Hampshire,88964,-140.034035,53.4856225
Michael Perry,19,0388 Hall Route,Mccartyberg,Alaska,12651,7.774463,-38.3557755
Darlene Montgomery,39,86239 Stephanie Skyway,New Roger,Tennessee,62117,-144.213920,-25.481140
Tanya Nguyen,29,04244 Todd Mountain Apt. 612,South Molly,Montana,10691,20.626411,-84.221558
Elizabeth Stephenson,68,936 David Parkways,North Michael,Nebraska,21161,119.056101,-53.391139
Maria Zamora,79,0930 Ronald Circle Apt. 124,East Kelly,North Dakota,41247,-166.696628,59.567082
Amanda Ruiz,55,70293 Garcia Point Suite 099,East Toddhaven,Connecticut,80411,20.392528,28.850515
Karen Giles,79,5551 Robinson Heights Suite 507,Richardbury,Massachusetts,21774,-64.954797,-36.3072985
Lori Brady,35,9578 Johnson Cliffs,Lake Sarahborough,Massachusetts,55308,-149.729264,34.967626
Edward Park,79,2613 Barker Road,Robertberg,Kansas,60569,178.404531,18.3353955
Matthew Compton,79,20764 Doris Drive,Christopherville,Rhode Island,73301,-96.459609,29.578489
Mr. James Jimenez DDS,18,905 Courtney Cliff Apt. 194,Swansonport,Minnesota,88829,-150.148002,1.103382
Kimberly Cobb,49,7329 David Parkways,Amberview,Arizona,11622,-100.149457,-70.6385485
Mark Nelson,20,63127 Christian Keys Apt. 796,South Angelafurt,Montana,20389,-59.346683,60.7198795
Anna Wright,70,5330 Friedman Shoal,North Michael,Alabama,29638,-71.668899,31.629069
Michael Murillo,23,92478 Chan Plain,Ericland,Louisiana,47837,25.604309,79.930674
Scott Blevins,68,930 April Center,Elizabethborough,Arkansas,23740,-174.961330,-69.237824
Joe Whitaker,40,24441 Carter Plain,Kellibury,South Dakota,41416,139.447923,69.384900
Andrea Morgan,26,82553 Davis Summit Suite 080,Larsonbury,Washington,03995,-28.412815,52.926660
Lisa Reese,60,374 Michael Locks,Christinaborough,Ohio,14419,-162.579849,-16.527248
Melissa Lee,41,0629 Valerie Circle,West Shawnmouth,Alaska,04722,42.512702,-17.7798735
Dr. Sherry Martinez,19,30730 Tammy Skyway,South Joshua,Massachusetts,75100,23.091809,41.123686
Adrian Nicholson,61,1664 Casey Extension,Contrerasfort,Maryland,95366,175.031259,4.814453
Mason Padilla,77,01902 Jones Squares,Williamsmouth,New Hampshire,74918,5.826168,-58.368083
Marie Lewis,76,202 Johnson Springs Apt. 380,Port Vanessafort,Mississippi,50110,-131.715647,-28.107998
Zachary Brandt,34,96656 Christina Shoals,Yvonnetown,North Carolina,31538,157.123190,25.9306055
Lawrence Walker,28,1458 Martinez Path Suite 251,Bethbury,Vermont,83152,86.846984,42.9610445
Jerry Jones,30,66933 Alyssa Crossroad Suite 546,Hayesbury,Maine,47721,15.314684,-44.0435675
Jose Reed,29,712 Crystal Islands Suite 551,West Markborough,Colorado,22229,-106.668731,-62.433731
Amanda Cooke,22,986 Miller Plains Apt. 221,Ashleyburgh,California,13692,-138.406530,39.1835915
Ashley Shaffer MD,67,212 Hale Drives,New Jorgehaven,North Carolina,46858,-3.543005,19.5918325
David Johnson,71,50551 Garcia Landing,Rodneystad,Hawaii,12818,-120.155572,-54.451741
Dana Cole,68,48323 Thomas Mountain,Port Steven,Maine,15301,-85.575348,79.0078775
Robert Chavez,29,56751 Brett Bypass,East Kevin,Michigan,86216,-63.084653,71.122167
Anthony Allen,51,248 Compton Plain Suite 186,Reyesberg,New Mexico,62289,-84.534850,-44.781643
Lori Cole,66,8224 Woods Forges,West David,California,64761,-124.964459,-72.0797435
Elizabeth Ramirez,67,97645 Meyers Spring Apt. 039,Matthewview,Tennessee,32247,-139.152725,5.289789
Mrs. Ann Castillo DVM,27,51107 Harding Turnpike,North Laurenland,Maryland,60672,-60.011912,42.217306
Mallory Cole,34,3042 Stefanie Grove,Lake Stephaniebury,Alaska,01839,84.102315,15.662079
Scott Carroll,34,32038 Jeremy Crest,Westburgh,Nebraska,17944,-46.548115,-14.534838
William Fisher,71,733 Small Stream Apt. 993,Tylerstad,Kansas,01442,46.645358,-62.4602385
William Parker,45,68643 Torres Route Suite 676,Stoneport,Mississippi,25979,104.087301,-51.8033985
Christopher Brown,48,3181 Joseph Creek Suite 470,Rodriguezbury,Virginia,09769,101.732444,26.702699
Martin Anderson,65,8116 Cynthia Ridge Apt. 035,Larryhaven,Louisiana,14715,146.800793,20.4445335
Sarah Martinez,67,4703 Clayton Heights,East Danielle,Georgia,83009,2.488941,-33.6326415
Michael Garza,80,68648 Carlos Hill,New Erinchester,Ohio,53265,-71.280817,-38.1043885
Mr. Joshua Short Jr.,43,91614 Patel Station Suite 258,West Stacey,Virginia,86970,175.606995,-44.6680135
Shannon Morris,30,9318 Alexandria Park Suite 722,Lake Maryberg,Florida,91768,-33.247191,-14.063195
Ronald Hunt,29,3741 Brown Loop Apt. 139,Jasonfurt,Pennsylvania,21057,135.912281,2.3936115
Jerry Dixon,76,68264 Cassandra Grove Suite 118,New Melanieland,Wyoming,28120,41.021282,43.7141795
Mark Johnson,26,17349 Brett Underpass,Blairburgh,Montana,49533,-59.297998,72.735218
Gina Greene,47,441 Johnson Mount Apt. 160,Elizabethhaven,Georgia,77932,9.485458,-51.894353
Regina Brown,24,127 Harris Walk,South Brandonfurt,Nebraska,34141,-11.193013,-65.9356985
Amy Owens,80,108 Gonzalez Spring,Port Colinbury,Arkansas,89836,150.366591,-72.0919055
Michelle Cruz,70,309 Dunlap Skyway,Melissaton,Nevada,30192,91.490144,14.4579465
Christopher Bowman MD,25,0657 Clark Plain,Lake Miranda,Kansas,86280,10.710168,38.845429
Julie Lopez,54,9467 Stewart Shore Apt. 008,East Laurachester,North Carolina,19404,110.738314,-56.1751695
William Young,56,34400 Williams Plains,New Danielletown,Virginia,45552,-161.832927,19.753739
Tammy Maddox,78,7445 Mcconnell Ramp,Mitchellberg,Georgia,11208,70.504709,-50.3133565
Patrick Hernandez,18,527 Angela Viaduct,Jasonmouth,Massachusetts,53016,117.029000,-63.836611
Cheryl Matthews,64,246 Wilson Drive,Antonioton,Alaska,66210,89.798775,8.1015205
Samantha Morris,78,8242 Mcdaniel Ford,Stephaniemouth,Virginia,80959,120.757462,88.6526425
Becky Maynard,60,91977 Carlson River Suite 117,Dominicton,Pennsylvania,46120,-46.013295,63.080206
Jacob Weber,40,6231 Gross Highway,Rileyville,North Carolina,21797,-60.203429,-83.9807235
Jeanette Jones,33,5687 Jennifer Bridge Apt. 447,Jamesland,Michigan,91206,-125.485751,-16.5168215
Michael Fox,77,1769 Robbins Field Apt. 514,North Michaelmouth,South Carolina,85841,5.860113,18.3579635
James Baker,77,12031 Amanda Plain,Whiteborough,California,69251,-88.761068,3.062986
Rodney Campbell,18,8612 Johnson Turnpike,South Cheyenneside,Montana,87770,-41.969849,7.4517875
Briana Anderson,26,4278 Emily Landing,Frankport,Oklahoma,56603,77.179291,89.4043745
Larry Rush,75,64875 Smith Isle,North Brittney,Arkansas,35400,4.036937,-17.612990
Juan Jackson,34,13227 Norton Estates Suite 658,West Jessicatown,Ohio,61157,-29.214909,-34.0185625
Maria Williams MD,52,43374 Payne Coves Suite 803,Jorgeshire,New Mexico,40833,-108.223851,-84.817332
Darlene Walker,54,18922 Mariah Landing Apt. 423,Alexandertown,Nebraska,08883,-54.032285,20.6079375
Karen Duncan,52,4340 Thompson Neck Suite 592,Port Austinchester,Vermont,71467,12.590914,56.628378
Andrea Howell,30,1667 Wilkins Fork Suite 105,East Anita,Oklahoma,70890,-170.909562,-4.8061945
Alan Lopez,22,8582 Jennifer Center,Jenniferport,Ohio,89518,-21.126830,53.4457515
Jordan Holloway,60,5515 Hernandez Village Apt. 136,East Johnchester,Kentucky,52546,117.907586,-50.3944225
Karen Jones,63,64859 Ferrell River,Lake Jasonchester,New Jersey,31791,-106.572890,71.954364
David Roth,61,7223 Cody Land,South Audreyhaven,Tennessee,23717,49.360603,-62.8539815
Alexandra Diaz,37,3397 Lisa Ranch,Jackshire,Nevada,25037,-71.305488,30.390914
David Harmon,70,745 Richard Manor Suite 953,Rodriguezview,Indiana,86722,65.821548,7.2869805
Lucas Adams,31,1295 Bonilla Neck,Madisontown,Kansas,87840,174.511426,-44.513110
Denise Mccoy,74,27878 Joshua Spurs Apt. 123,East Daniellefort,New Hampshire,39192,-178.584607,-67.2186875
Philip Hernandez,54,38605 Peterson Street,Melindaport,Maryland,43791,-97.567547,84.6200815
Richard Baxter,18,980 Brooke Pass Suite 342,New Rachelville,South Carolina,27274,-64.123065,-17.4762935
Kristin Johnson,39,225 Mark Hollow Apt. 086,New Robert,Iowa,62218,-175.793952,74.483369
Brenda Warren,77,8597 Weaver Valleys,Brownside,Oklahoma,74639,-24.516826,34.707845
William Orr,46,80960 Avila Village Apt. 692,North Johnview,California,71706,-17.362317,85.9943575
Karen White,56,8908 Miller Manor Apt. 677,Jeffreyshire,Connecticut,11800,89.608947,-69.3715415
Kathryn Townsend,58,6693 Cannon Park,South Maryton,Ohio,53309,118.110748,80.437341
Diane Walls DVM,64,116 Brooks Club Suite 006,East David,Connecticut,61265,62.188230,-21.3206845
Kimberly Morales,34,5248 Sarah Spurs,Lake Anthony,Maine,99618,6.806700,0.547735
Brandon Romero,53,2197 Wilson Estates,West Danielberg,Maine,19431,-22.026098,83.411387
James Alexander,49,960 Jessica Haven,South David,Wisconsin,61930,-179.917511,41.548758
Katherine Dickson,58,0510 Wendy Trail,South Johnstad,New York,05842,57.020915,-3.0733315
Mike Johnson,48,355 Christine Dam Suite 693,Mendozaport,Illinois,81048,-15.182161,58.243974
Lisa Whitney,35,85345 Mendez Square Apt. 616,Sheenaville,Massachusetts,24278,-92.597839,-8.8970435
Kristen Johnson,56,374 Williams Isle,Lake Morgantown,Alaska,77331,-157.708256,-51.480894
Aaron Wheeler,34,04908 Cassandra Views,Emilyside,West Virginia,47201,-132.674365,-89.596438
Jack Ferguson,71,785 Steven Parkways Apt. 485,Deniseborough,Montana,45366,116.277113,74.8301565
David Daniels,54,9566 Gonzalez Mountains,Clarkport,Wisconsin,39349,120.382123,-9.918853
Gregory Mendez,51,539 Tracy Spur,West Timothystad,New Mexico,57962,119.065136,-24.1689135
Amber Howe,69,5244 Nicholson Isle Apt. 248,West Ryanfurt,Arizona,95292,57.522495,-32.2818565
Joseph Robinson,74,8857 Smith Motorway Suite 168,South Ashleyton,California,20106,-124.350525,65.8052085
Eduardo Vasquez,49,66748 Fields Village,New Jasonmouth,Illinois,44302,-71.698046,-36.024601
Danielle Velez,75,439 Laura Port,Gallegosland,Tennessee,46140,-129.706333,47.776825
Nicole Cardenas,56,854 Brandon Views,Meaganchester,New Hampshire,92477,166.845117,-65.036716
Jared Thompson,67,79863 Wilson Stream Suite 380,Barronborough,Nebraska,92501,22.835789,80.909462
Sarah Morgan,40,103 Black Plaza Suite 481,Lake Melissafurt,Arizona,20493,116.811316,62.868135
Rachel Church,69,5653 Amanda Land,South Kayla,Maine,10197,132.560742,-27.7588075
Tony Wilson,28,11021 Hannah Forges,Smithshire,Florida,46360,-84.617342,-22.300997
Melissa Walker,45,026 Brooks Neck Apt. 689,Masseybury,Alabama,95761,157.698569,62.564490
Karen Stanley,48,835 Cook Way,Lake Amanda,Colorado,18053,0.773750,-45.596863
Randy King,47,3140 Christina Mountain Apt. 761,Nathanborough,Montana,74174,165.507364,85.332428
Randy Jensen,23,8617 Jackie Lakes Suite 487,West Laurastad,Alaska,43536,-78.776169,6.743763
Theresa Le,42,642 John Station Suite 488,Millertown,Wisconsin,30577,-157.583768,74.842952
Janet Rhodes,54,73723 Herrera Shoal,Lake Judith,Vermont,11345,-47.339374,55.469248
Deborah Jones,49,0652 Nelson Dale,Millerton,Vermont,09064,12.495673,-21.129031
Sophia Carter,34,00493 Benjamin Flat,West Devinfort,Arkansas,75884,-87.143673,56.0869955
Tracy Price,71,833 Melissa Plaza,Chanmouth,Montana,99802,82.788655,-13.1707885
Tyler Douglas,39,0516 Gutierrez Mews Suite 902,Davidburgh,Mississippi,55764,138.128799,23.227019
Donald Stephens,48,13447 Ware Skyway,Harmonfort,Utah,68706,-119.434214,45.898104
Linda Sanchez,24,41028 Susan Heights Apt. 048,Hickschester,Texas,56418,-100.832606,-11.089576
Christina Myers,19,851 Martin Island Apt. 568,South Courtneyport,New Hampshire,95326,-15.051416,59.8712285
Leslie Rios,63,7627 Ortiz Villages,West Jennifermouth,California,62993,-83.701399,-47.5868595
Troy Porter,54,793 Brady Plains,Loganshire,Georgia,22073,20.078132,-30.738912
Christopher Hamilton,64,47777 Warner Land Apt. 031,East Christopherburgh,West Virginia,15570,-102.665564,34.823209
Charlotte Brown PhD,18,56003 Patrick Neck Suite 592,North Madisonchester,Kentucky,73217,-6.738837,78.762205
Corey Simmons,80,7737 Jacobs Circles Suite 373,New Jasmine,Minnesota,83949,99.308294,49.2073685
Rhonda Rojas,60,28617 Gates Canyon Suite 473,Donnaton,Texas,26501,169.173411,-18.378151
Marissa Wood,65,44363 Powell Lane Suite 821,New Courtney,Arkansas,83683,85.276778,2.0239215
Danielle Ortega,68,962 Gordon Parks,South Steven,Kansas,90506,170.154519,-69.405437
Larry Johnson,78,22836 Joseph Neck,Garciachester,Oklahoma,04152,17.419884,-48.9847725
Patricia Bailey,36,383 Herrera Extension Apt. 908,West Robert,Arizona,51926,-177.403326,-3.8609845
Monica Cowan,32,890 Gross Fort Suite 214,Port Shawntown,Iowa,07578,132.033170,23.2551135
Randall Herman,35,4246 Walsh Locks,Sandovalport,North Carolina,01184,-48.310421,-7.0222045
Shawn Hardy,48,3968 Melendez Circle Suite 364,Lake Sydneyview,North Carolina,95850,-129.646720,64.6148375
Clayton Mckinney,36,14004 Hull Park Suite 770,Port Ashley,New Mexico,67447,78.929431,-45.619713
Scott Arnold,63,18772 Chen Lakes Apt. 735,North Jacob,Vermont,27729,67.504584,24.6410965
Cynthia Brown,31,250 Duncan Streets Suite 553,Lake Pedro,Colorado,72507,-9.577580,5.313129
Mrs. Dorothy Garcia,33,9768 Mcbride Forges Apt. 335,Parkermouth,Hawaii,42267,28.105377,64.7306235
Whitney Brooks,62,4364 Scott Plaza,Alexandermouth,Connecticut,59887,43.376152,28.773764
Cheryl Hutchinson,38,5666 Randall Islands Apt. 796,West Jenna,Oklahoma,79034,86.482223,-1.6302925
Nicole Cohen,49,843 Andrew Cliffs,Hallborough,Utah,34530,50.581820,49.735970
John Jones,56,98557 Johnson Fields Apt. 743,Lake Levi,Mississippi,34072,23.993048,-8.428310
Michael Garcia,23,996 Chase Falls Apt. 430,Austintown,Colorado,07537,127.726005,-11.3795585
Donna Figueroa,60,79558 Derek Ramp Apt. 106,New Kimberlyshire,Washington,86824,125.583047,-31.657651
Cynthia Jensen,46,97353 Sherri Divide Apt. 239,New Carolyn,North Carolina,13387,-65.482765,82.396032
Travis Johnson,79,3965 Robert Throughway Apt. 326,Lake Ryan,West Virginia,72492,-19.247679,42.064144
Michael Smith,67,47717 Ryan Park,Maryside,New Hampshire,39064,-92.549457,-7.347553
Alexander Glenn,20,22604 David Key Apt. 031,Jenniferville,Idaho,08519,16.259295,4.0516625
Matthew Lucas,79,42628 Jones Inlet,Lisaborough,Indiana,50393,-20.994476,-40.3010085
Tyler Flowers,31,88591 Arnold Alley,Jaimeberg,South Dakota,69767,172.544427,-39.4986885
Daniel Lowe,52,316 Emily Skyway,Randolphtown,Delaware,96770,112.324487,47.2481795
Leslie Hahn,68,4420 Amy Club Suite 585,Harrisburgh,Maryland,53806,-138.117338,67.6277455
Michael Jones,44,239 Castro Knoll Suite 497,South Jonathanville,Utah,71160,53.935710,-64.862119
Andrea Roberts,20,270 Leonard Crest Suite 787,Davidchester,Colorado,73873,-68.680381,-17.643599
Mrs. Rachel Ayala,60,154 Santiago Terrace Suite 405,Murrayland,New Jersey,29079,7.875945,-84.166070
Christina Powell,51,360 Soto Fort Apt. 260,Elizabethview,California,08375,99.917298,16.257760
Shane George,69,29181 Karen Port,Carolinemouth,Tennessee,30029,-44.705767,10.7502085
Willie Graves,45,0062 Christy Corner,Lake Michaelland,Illinois,20945,174.143864,-66.6579795
James Carter,42,00468 Dean Row,North Beckyberg,Georgia,80103,19.774754,38.3748165
Lori Douglas,49,01790 Glass Brook Suite 963,Lake Tylerside,Arkansas,03679,161.559419,50.7802485
Emma Acosta,30,40408 Williams Prairie,Monroeshire,Washington,59065,72.254315,-16.054941
Cody Cannon,51,65415 Stephanie Radial,Lopezfurt,Pennsylvania,64601,-25.121078,2.0008355
Shane Smith,23,48830 Smith Mill Apt. 775,North Amanda,Oregon,95860,28.345276,77.1820445
Travis Baldwin,23,241 Robert Point Suite 593,Sandrastad,Kansas,79617,-39.227329,-30.2844665
Stephen Bradley,36,600 Patrick Falls,Christopherhaven,New Mexico,43489,-72.793477,89.260258
Mrs. Paula Romero DVM,64,653 Clay Prairie Suite 500,East Virginiaport,New Jersey,54780,-177.802834,10.7817685
Brittany Mitchell,19,3224 Parker Throughway Suite 966,Port Nancyberg,Alabama,95581,-113.203109,-36.4591535
Diana Mckee,58,183 Stewart Ports Suite 783,New Teresaton,Hawaii,62996,-11.680273,-0.9370555
Heather Shannon,18,307 Wayne Garden,Kristinberg,Alabama,96232,54.617024,-52.8960535
Kathy Obrien,41,79857 Meyer Isle Apt. 945,Acostamouth,Oklahoma,36123,-83.637462,76.4217085
James Bush,36,185 Gary Flat Suite 989,West Kennethfort,Tennessee,09753,151.909444,-27.4402045
Jordan Webster,77,81670 Booth Squares,Lake Patrick,Colorado,75618,-125.742833,-3.639306
Courtney Miller,68,3076 Larry Expressway Suite 311,Port Rhondamouth,South Carolina,49928,-57.084540,-59.123871
Anthony Jenkins,73,991 Nicole Springs Suite 869,Waltonburgh,Hawaii,95973,-135.704254,-11.427821
Jessica Williams,76,3837 Garcia Camp Apt. 827,North Amber,South Dakota,74105,-44.430499,-55.7400885
William Howell,31,3477 Rebecca Ford,Lake Mitchell,Nebraska,27824,119.584694,0.6048775
Lance Parker,80,649 Ray Rapid Suite 216,Davisstad,Maine,93302,168.251764,25.0849965
Sarah Taylor,36,1192 Cabrera Locks Apt. 476,Tammybury,Texas,16590,-110.081962,9.3550035
Cynthia Lewis,30,3056 Harris Viaduct,South Samanthaberg,Connecticut,01304,-92.379557,-25.0320565
Thomas Wilkins,33,069 Young Mews Suite 231,Donaldtown,Idaho,99633,-2.151333,-2.520336
Chad Brooks,46,3051 Ronald Cliff,North Jeffreyfort,Louisiana,46964,-67.112362,74.0242095
Heather Shepherd,46,6057 Reyes Field,Diazhaven,Maryland,26196,-133.367510,34.504974
Stephanie Peters,70,594 Schmidt Burgs Apt. 507,Port Vanessa,Ohio,72526,37.508180,18.026525
Adam Martinez,26,8403 Fernandez Centers,East Alan,Kansas,64782,-150.585016,59.836810
Jonathan Mckinney,35,0549 Glover Burg,North Alexanderborough,Nevada,16276,52.766383,26.8931335
Dean Lowe,50,06708 Patrick Knolls Apt. 585,North Michelleport,Maine,71981,166.088906,-73.908624
Chad Weber,22,8124 Laura Courts Suite 165,North Richard,West Virginia,10059,32.547783,29.279588
Ronald Taylor,75,118 York Bypass Apt. 460,New Leeborough,North Carolina,39098,64.725317,79.464239
Cynthia Burns,68,92083 Martinez Tunnel,South Frank,Maryland,95599,174.837546,-35.633990
Susan Schmidt,60,87768 Diaz Station Suite 996,Morrisonburgh,New York,26076,100.201914,-23.3641355
Sabrina Chase,66,3925 Guerrero Rest,South Angel,Texas,25580,-132.150444,9.936299
Heather Perkins,64,7667 Burton Landing Apt. 780,Lake Michaelborough,Michigan,91015,43.193578,60.534030
David Dougherty,28,4609 Janet Well Suite 600,South Stephanie,Rhode Island,36788,-51.627980,47.1851035
Teresa Dodson,40,5837 James Walks Apt. 959,Port Debra,Vermont,97600,103.959872,-23.491008
Marcus Salinas,54,4351 Jo Passage,South Danielle,Arkansas,47418,36.576090,23.883460
Danielle Medina,42,0783 Palmer Pike,Paulshire,Ohio,87252,157.347172,52.963164
Tyler Burton,37,532 Angela Roads Suite 335,West Matthewview,Pennsylvania,17899,168.075786,13.0244565
Joanne Gonzalez,71,2069 Nguyen Squares,Cruzchester,South Dakota,84951,55.234311,-36.636537
Eric Sosa,64,8673 Parker Lodge Suite 395,Terryshire,Colorado,84516,-13.412050,-22.7625155
Shannon Griffin MD,24,696 Douglas Circles Suite 264,Port Zachary,Maine,03347,-27.502187,54.667418
Daniel Long,49,9466 Kathleen Canyon,Cookhaven,Alabama,74685,0.038711,-40.123577
Jessica Chapman,50,28673 Nichols Plaza,Port Donna,Louisiana,68920,-56.096623,61.326971
Richard Davis,45,335 Wolfe Harbors,Conradhaven,Texas,80561,132.015629,-24.2879215
Thomas Finley,58,479 Christopher Tunnel,South Thomasfurt,Utah,95049,-12.848003,18.134846
Raymond Elliott,55,9052 Morrison Prairie,Ellisport,Colorado,15117,32.166369,89.653560
James Manning DVM,39,775 Johnson Oval,New Robert,Illinois,80889,93.943629,-65.016119
Nicholas Fernandez,57,838 Myers Gateway Apt. 793,Meganton,California,83523,-87.710266,31.9262615
Jay Thompson,44,9410 Robert Unions,Mooreton,Indiana,65871,-62.654487,-3.0339325
Erica Jenkins,60,0110 Lopez Key,Garciaville,Alaska,19571,-128.383611,-14.223423
Jamie Jefferson PhD,46,18891 Wright Motorway,Lake Danaview,Alabama,92197,-150.650483,58.7621535
Meagan Clark DDS,66,860 Steven Mews Suite 559,North Arthur,Ohio,57857,-134.663765,24.3724325
Angela Humphrey,51,5688 Salazar Village Apt. 596,North Jacob,Michigan,88217,141.477237,7.286117
Valerie Vaughan,73,223 Caldwell Drives Suite 263,Levyport,New Hampshire,82577,-12.491144,-34.985404
Sarah Hood,74,06729 Elizabeth Key Suite 389,Port Rachelside,Louisiana,85407,-4.903176,-11.1139135
Karen Francis,77,72862 Palmer Extensions,West Andrew,Arkansas,72398,-137.767218,-54.0766545
Billy Walker,44,56289 Delgado Oval,Stewartfurt,Oklahoma,74444,-139.948287,14.985893
Lauren Brown,74,1445 Grant Square,Hawkinston,Florida,07647,-142.348645,-47.8047085
Ryan Anderson,43,971 Gonzalez Tunnel,Loriside,Kansas,64772,-102.602361,63.7028905
Corey Faulkner V,21,27260 Raymond Parks,Perryville,Idaho,26414,89.324130,-17.427489
Gregory Fernandez,43,67029 Ross Lights Apt. 066,Port Autumn,Mississippi,26118,135.640167,56.1520735
Kathy Miranda,80,2387 Michele Parkways Suite 317,Whitneyland,Wyoming,85488,-75.750442,76.8450265
Amanda Jones,60,4128 Mcintosh Springs,Suttonville,Michigan,30634,-122.944428,2.0670915
Daniel Trevino,64,296 Chavez Course,North Jamie,Texas,61000,-138.205120,-88.5640455
Daniel Moore,20,63472 Robin Harbors Apt. 959,South Chrisborough,Oregon,92933,-82.159178,28.233782
Jeremiah Miller,39,25511 White Key,Paulton,Wisconsin,90766,-142.297136,-87.3892395
Deanna Holloway,26,4661 Luke Mall,Clayfort,Louisiana,11296,-43.436827,52.867117
Dr. Heidi Reyes,33,29031 James Fork,East George,Oregon,60105,-168.581128,50.882966
Mr. Nathan Johnson,55,807 Bartlett Landing,East Heather,Alabama,00790,168.530273,16.948472
Xavier Barnett,29,3868 Katie Plains,Grahamberg,Illinois,96465,39.605857,-37.7923685
Morgan Nguyen,56,849 Lawson Dale,East Marcusborough,Nebraska,72080,118.058419,-19.0655545
Melissa Jones,37,775 Marshall Corners,Lake Loriview,Montana,49596,150.121164,63.7718905
Matthew Morrison,23,979 Murphy Bypass Apt. 774,Gregoryburgh,Wyoming,49850,37.986110,59.4613505
Shelly Edwards,59,78166 Wright Mills Suite 045,South Joseph,Wisconsin,17845,98.297422,87.158340
Deborah Stewart,30,731 Amanda Knolls Apt. 651,South Jennychester,Tennessee,73472,90.150495,-40.981085
Matthew Jackson,45,767 Green Road,Davidview,Connecticut,51092,8.832575,81.1457525
Denise Frazier,46,8886 Fox Trafficway,East Janet,North Carolina,33702,177.160972,45.701503
Amanda Rodriguez,58,89791 Lawson Islands,Lake Crystal,New Jersey,52821,-86.923482,67.667199
Lisa Zhang,28,170 Sue Wells Apt. 647,New Danielleside,Oregon,91140,57.559795,59.1271645
Julie Hall,36,63766 Gardner Route Suite 782,Wilsonburgh,California,17696,-69.222424,35.494709
Samantha Torres,47,2761 Rachel Village,Carlosville,West Virginia,42032,-164.445368,18.376181
Jennifer Weaver,70,99851 Melissa Vista,New Shane,Alabama,67517,-101.888668,84.5090805
Megan Hanna,76,3092 Matthew Glens Apt. 760,Port Tylerfurt,New York,03472,-43.909249,-11.328873
Dana Brewer,33,5865 Julie Court,Powersmouth,Oklahoma,90482,11.399299,1.536505
Eric Rowland,20,9436 Mullins Mountain Suite 592,Port Anthonyborough,Illinois,03002,-18.160576,-38.371301
Zachary Macdonald,24,431 Gabrielle Spur,West Jennifer,Colorado,07248,107.562840,-0.699112
Caleb Stevens MD,30,146 Corey Fall,Mathisport,New Mexico,64501,-14.635979,79.2948075
Stacey Gomez,61,15531 Jenny Square Suite 624,Brittneyville,North Carolina,26302,-164.631145,-17.6503815
Daniel Montoya,72,0279 Sparks Points,East Katie,Idaho,57128,106.477200,-30.900339
Jerry Hunter,67,80807 Ellis Spring,East Kendrastad,Nevada,98693,-22.169234,49.918205
Steven Cantrell,60,0159 Stuart Crescent,North Brentburgh,Utah,11771,17.870728,-87.231698
Christopher Barry,65,55938 Paul Lane,Mariochester,Maine,46878,73.815405,14.994025
Justin Mann,61,04217 Howard Plain Suite 021,Lake Connie,South Dakota,48585,-153.365470,44.5374435
Victoria Jones,23,1383 Thompson Roads,Cookport,Ohio,28207,10.009694,-65.014548
Eric Brown,24,691 Rios Wall Suite 435,Samanthaland,Arkansas,53482,-169.034053,-50.8911675
Shirley Bradford,50,84025 Jones Garden Apt. 993,North Dawn,Maryland,61734,-15.460684,55.952440
William Rodriguez,23,5387 Gonzalez Square,South Jessica,West Virginia,65964,-117.056755,61.249983
Allen Bailey,71,708 Alexis Isle Suite 704,Lake Ashleyton,Illinois,84925,40.308897,-53.1284515
Kelsey Barker,62,48475 Ronald Square Apt. 080,North Elizabethview,Minnesota,40332,-3.666691,-15.8604985
Shawn Perez,24,38498 Cox Canyon Apt. 854,New Christina,Pennsylvania,92409,-28.595837,-19.4989685
Kyle Schneider,74,40565 Dennis Ports,Dixonborough,Ohio,40357,-165.556598,-46.661946
Ricky Gould,58,0475 Isaac Pass Suite 335,North Kristenberg,New Mexico,42825,57.991881,74.216924
Dawn Reynolds,33,89398 Victoria Village,New Alexander,California,22923,85.273791,-14.8033185
Nicolas Jones,70,77939 Jesse Station Apt. 513,Davisshire,New Jersey,28865,-39.571347,-0.960267
Nicholas Russo,68,47037 Mathew Cliffs,East Stephen,Minnesota,30678,81.463958,40.4898155
Andrew Hall,30,034 Valerie Roads Suite 560,Gibsonbury,Maryland,75150,172.470127,77.0301145
